#det=0  North							
#det=1  South														
#det	id	row	col	SiPMBd#	Voltage	Notes	
0	0	1	1	2328	66.18487403		
0	1	1	2	2332	66.17791563		
0	2	1	3	2340	66.21505986		
0	3	1	4	2338	66.19249832		
0	4	1	5	2344	66.19896765		
0	5	1	6	2346	66.18846808		
0	6	1	7	1855	66.12282566		
0	7	1	8	2128	66.13754887		
0	8	1	9	2259	66.17707841		
0	9	1	10	2261	66.16335361		
0	10	1	11	2132	66.12147424		
0	11	1	12	2136	66.14411707		
0	12	1	13	2146	66.13471821		
0	13	1	14	2148	66.11807374		
0	14	1	15	2151	66.13445533		
0	15	1	16	2138	66.13863405		
0	16	1	17	2157	66.16235564		
0	17	1	18	2159	66.11881469		
0	18	1	19	2094	66.16722244		
0	19	1	20	2109	66.19415201		
0	20	1	21	2105	66.16773489		
0	21	1	22	2103	66.1751593		
0	22	2	1	2326	66.17227901		
0	23	2	2	2330	66.20517308		
0	24	2	3	2336	66.18353149		
0	25	2	4	2126	66.12840636		
0	26	2	5	2350	66.1863728		
0	27	2	6	2348	66.17493928		
0	28	2	7	2251	66.14829009		
0	29	2	8	2257	66.15588572		
0	30	2	9	2263	66.14711581		
0	31	2	10	2134	66.16713751		
0	32	2	11	2130	66.15487275		
0	33	2	12	2142	66.13082352		
0	34	2	13	2144	66.15132644		
0	35	2	14	2140	66.14589017		
0	36	2	15	2153	66.15832262		
0	37	2	16	2155	66.12719863		
0	38	2	17	2161	66.13537424		
0	39	2	18	2098	66.20046277		
0	40	2	19	2123	66.18343357		
0	41	2	20	2101	66.19774381		
0	42	2	21	2113	66.21080898		
0	43	2	22	2115	66.19619336		
0	44	3	1	1980	66.12040488		
0	45	3	2	1982	66.14134038		
0	46	3	3	1998	66.15583154		
0	47	3	4	1990	66.14655329		
0	48	3	5	2011	66.12290253		
0	49	3	6	1994	66.15338501		
0	50	3	7	1988	66.14326438		
0	51	3	8	2001	66.1672913		
0	52	3	9	2300	66.18884069		
0	53	3	10	2301	66.17477024		
0	54	3	11	2307	66.21361878		
0	55	3	12	2305	66.16310972		
0	56	3	13	2311	66.2022851		
0	57	3	14	2315	66.15974695		
0	58	3	15	2325	66.16973966		
0	59	3	16	2323	66.2085133		
0	60	3	17	1936	66.16759936		
0	61	3	18	1946	66.16358745		
0	62	3	19	1955	66.15212503		
0	63	3	20	1971	66.14008695		
0	64	3	21	1967	66.16946144		
0	65	3	22	1965	66.17460708		
0	66	4	1	1978	66.12365222		
0	67	4	2	1976	66.13086766		
0	68	4	3	1992	66.14590894		
0	69	4	4	1986	66.16197375		
0	70	4	5	1996	66.13763655		
0	71	4	6	2025	66.15083647		
0	72	4	7	2003	66.14373135		
0	73	4	8	2000	66.1387449		
0	74	4	9	2298	66.18315425		
0	75	4	10	2296	66.17295073		
0	76	4	11	2309	66.18088209		
0	77	4	12	2303	66.20897979		
0	78	4	13	2317	66.22083426		
0	79	4	14	2313	66.20208294		
0	80	4	15	2319	66.19056463		
0	81	4	16	2321	66.21688525		
0	82	4	17	1959	66.14940226		
0	83	4	18	1948	66.1501354		
0	84	4	19	1953	66.17031649		
0	85	4	20	1951	66.16266323		
0	86	4	21	1961	66.14801406		
0	87	4	22	1963	66.15034498		
0	88	5	1	2738	65.86824143		
0	89	5	2	2734	65.83757543		
0	90	5	3	1884	66.14304959		
0	91	5	4	1890	66.13406688		
0	92	5	5	2021	66.15422055		
0	93	5	6	2036	66.16447881		
0	94	5	7	2017	66.15101134		
0	95	5	8	2028	66.15186774		
0	96	5	9	2009	66.13328138		
0	97	5	10	2007	66.13805414		
0	98	5	11	2026	66.1487907		
0	99	5	12	2005	66.14168499		
0	100	5	13	1938	66.16748095		
0	101	5	14	1940	66.17607483		
0	102	5	15	1934	66.19454486		
0	103	5	16	1950	66.17302264		
0	104	5	17	1923	66.16658579		
0	105	5	18	1925	66.12706097		
0	106	5	19	1930	66.17082909		
0	107	5	20	1915	66.12734981		
0	108	5	21	1984	66.13411401		
0	109	5	22	1969	66.16381673		
0	110	6	1	2732	65.88166555		
0	111	6	2	2736	65.89455521		
0	112	6	3	1888	66.17530466		
0	113	6	4	1886	66.16033355		
0	114	6	5	2034	66.14754811		
0	115	6	6	2032	66.17638356		
0	116	6	7	2030	66.16112537		
0	117	6	8	2019	66.13990912		
0	118	6	9	2038	66.17723082		
0	119	6	10	2023	66.18974509		
0	120	6	11	2015	66.14075152		
0	121	6	12	2013	66.16756952		
0	122	6	13	1957	66.13148194		
0	123	6	14	1942	66.18276276		
0	124	6	15	1944	66.192453		
0	125	6	16	1932	66.13957428		
0	126	6	17	1926	66.18021523		
0	127	6	18	1928	66.18591539		
0	128	6	19	1913	66.15156543		
0	129	6	20	1911	66.14086277		
0	130	6	21	1975	66.16608971		
0	131	6	22	1973	66.16763188		
0	132	7	1	3096	65.74822278		
0	133	7	2	3098	65.75124149		
0	134	7	3	1894	66.16704133		
0	135	7	4	1905	66.15027514		
0	136	7	5	1919	66.14789733		
0	137	7	6	1909	66.13498891		
0	138	7	7	1898	66.13178271		
0	139	7	8	1917	66.14495514		
0	140	7	9	2265	66.17947157		
0	141	7	10	2278	66.19859012		
0	142	7	11	2288	66.18915035		
0	143	7	12	2292	66.18427189		
0	144	7	13	2273	66.15952336		
0	145	7	14	2276	66.17561259		
0	146	7	15	2282	66.2032393		
0	147	7	16	2284	66.17828069		
0	148	7	17	2226	66.14387656		
0	149	7	18	2223	66.17089943		
0	150	7	19	1851	66.11281411		
0	151	7	20	2232	66.16281498		
0	152	7	21	2561	66.14366636		
0	153	7	22	2563	66.14772263		
0	154	8	1	3086	65.74430403		
0	155	8	2	3094	65.74802244		
0	156	8	3	1896	66.15361119		
0	157	8	4	1903	66.1562871		
0	158	8	5	1921	66.16255177		
0	159	8	6	1907	66.16420814		
0	160	8	7	1900	66.1611654		
0	161	8	8	1901	66.16314414		
0	162	8	9	2267	66.17474972		
0	163	8	10	2269	66.15281267		
0	164	8	11	2294	66.18255653		
0	165	8	12	2290	66.17495037		
0	166	8	13	2271	66.18453687		
0	167	8	14	2275	66.17005193		
0	168	8	15	2280	66.19154086		
0	169	8	16	2286	66.18155474		
0	170	8	17	2228	66.19084494		
0	171	8	18	2225	66.14629708		
0	172	8	19	2234	66.20138273		
0	173	8	20	2230	66.18125402		
0	174	8	21	2565	66.18305439		
0	175	8	22	2559	66.14710638		
0	176	9	1	2998	65.7693726		
0	177	9	2	3132	65.76090793		
0	178	9	3	1863	66.13675172		
0	179	9	4	1875	66.12887774		
0	180	9	5	1859	66.10970184		
0	181	9	6	1857	66.11943247		
0	182	9	7	2119	66.21482953		
0	183	9	8	2117	66.19349944		
0	184	9	9	2096	66.19173777		
0	185	9	10	2084	66.1744116		
0	186	9	11	2082	66.1490278		
0	187	9	12	2092	66.19506091		
0	188	9	13	2046	66.14525014		
0	189	9	14	2048	66.17122077		
0	190	9	15	2040	66.18590308		
0	191	9	16	2078	66.16981921		
0	192	9	17	2250	66.19558113		
0	193	9	18	2246	66.15382624		
0	194	9	19	2238	66.14462396		
0	195	9	20	2240	66.16650135		
0	196	9	21	2413	66.13924026		
0	197	9	22	2417	66.10957067		
0	198	10	1	3000	65.75193278		
0	199	10	2	3105	65.75313738		
0	200	10	3	1876	66.1464146		
0	201	10	4	1861	66.13440691		
0	202	10	5	1871	66.15472843		
0	203	10	6	1873	66.15668308		
0	204	10	7	2121	66.18991047		
0	205	10	8	2125	66.20246405		
0	206	10	9	2088	66.1837051		
0	207	10	10	2086	66.20176373		
0	208	10	11	2080	66.14731565		
0	209	10	12	2090	66.17304426		
0	210	10	13	2050	66.17793643		
0	211	10	14	2044	66.16320101		
0	212	10	15	2042	66.16817059		
0	213	10	16	2076	66.20918282		
0	214	10	17	2248	66.13106598		
0	215	10	18	2244	66.17784625		
0	216	10	19	2236	66.14696724		
0	217	10	20	2242	66.14308466		
0	218	10	21	2419	66.12339809		
0	219	10	22	2415	66.1434634		
0	220	11	1	2990	65.75158195		
0	221	11	2	2996	65.75446481		
0	222	11	3	2198	66.14138944		
0	223	11	4	2196	66.16129085		
0	224	11	5	2205	66.13544362		
0	225	11	6	2201	66.13169348		
0	226	11	7	2207	66.0988935		
0	227	11	8	2213	66.16177132		
0	228	11	9	2215	66.15561466		
0	229	11	10	2221	66.15401542		
0	230	11	11	2165	66.13656064		
0	231	11	12	2163	66.15559887		
0	232	11	13	2171	66.17044079		
0	233	11	14	2175	66.14445304		
0	234	11	15	2180	66.11152156		
0	235	11	16	2190	66.165407		
0	236	11	17	2184	66.17180751		
0	237	11	18	2186	66.13171912		
0	238	11	19	2613	66.12806618		
0	239	11	20	2617	66.11071519		
0	240	11	21	2405	66.11417714		
0	241	11	22	2407	66.12361725		
0	242	12	1	2994	65.73828451		
0	243	12	2	2992	65.76010292		
0	244	12	3	2192	66.15019968		
0	245	12	4	2194	66.14794278		
0	246	12	5	2203	66.12709047		
0	247	12	6	2200	66.15185777		
0	248	12	7	2211	66.134752		
0	249	12	8	2209	66.14075353		
0	250	12	9	2217	66.14477272		
0	251	12	10	2219	66.17769928		
0	252	12	11	2167	66.16460826		
0	253	12	12	2150	66.14021928		
0	254	12	13	2173	66.13558146		
0	255	12	14	2169	66.15065024		
0	256	12	15	2176	66.15508239		
0	257	12	16	2178	66.19126279		
0	258	12	17	2182	66.15527509		
0	259	12	18	2188	66.19031661		
0	260	12	19	2611	66.14894616		
0	261	12	20	2642	66.12819966		
0	262	12	21	2411	66.10024882		
0	263	12	22	2409	66.13701984	rotated	
0	264	13	1	3078	65.74042518		
0	265	13	2	2988	65.76174893		
0	266	13	3	2607	66.12514952		
0	267	13	4	2596	66.15760329		
0	268	13	5	2651	66.10287213		
0	269	13	6	2638	66.12567285		
0	270	13	7	2625	66.13831911		
0	271	13	8	2630	66.11757035		
0	272	13	9	2646	66.10963027		
0	273	13	10	2634	66.12210222		
0	274	13	11	2684	66.16546567		
0	275	13	12	2686	66.19562414		
0	276	13	13	2688	66.20001472		
0	277	13	14	2680	66.13645772		
0	278	13	15	2675	66.14307414		
0	279	13	16	2676	66.20752278		
0	280	13	17	2657	65.85613964		
0	281	13	18	2669	66.11824882		
0	282	13	19	2628	66.11562081		
0	283	13	20	2603	66.14734122		
0	284	13	21	2401	66.13001039		
0	285	13	22	2400	66.10865716		
0	286	14	1	3119	66.11422703		
0	287	14	2	2986	65.76572537		
0	288	14	3	2609	65.76196677		
0	289	14	4	2615	66.10727776		
0	290	14	5	2653	66.09755879		
0	291	14	6	2663	66.10276818		
0	292	14	7	2626	66.14243213		
0	293	14	8	2640	66.12962902		
0	294	14	9	2623	66.10673092		
0	295	14	10	2636	66.14045946		
0	296	14	11	2690	66.10623126		
0	297	14	12	2678	66.17878066		
0	298	14	13	2667	66.16604882	ROTATED	Still rotated
0	299	14	14	2665	66.13710239		
0	300	14	15	2673	66.12050969		
0	301	14	16	2671	66.17879263		
0	302	14	17	2661	66.14483544		
0	303	14	18	2659	66.11616783		
0	304	14	19	2621	66.10199331		
0	305	14	20	2632	66.10616375		
0	306	14	21	2403	66.12666084		
0	307	14	22	2398	66.11266396		
0	308	15	1	2980	66.13069731		
0	309	15	2	2978	65.77880322		
0	310	15	3	2619	65.7337		
0	311	15	4	2601	66.0847959		
0	312	15	5	2655	66.13713801		
0	313	15	6	2648	66.08925376		
0	314	15	7	2700	66.13279087		
0	315	15	8	2701	66.18920263		
0	316	15	9	2692	66.1825774		
0	317	15	10	2694	66.17506774		
0	318	15	11	2490	66.15214162		
0	319	15	12	2503	66.09427577		
0	320	15	13	2496	66.13142378		
0	321	15	14	2498	66.09969227		
0	322	15	15	2484	66.07428701		
0	323	15	16	2488	66.06475511		
0	324	15	17	2713	66.07863864		
0	325	15	18	2707	66.19493473		
0	326	15	19	2717	66.20001492		
0	327	15	20	2715	66.20585388		
0	328	15	21	2390	66.2116684		
0	329	15	22	2396	66.12563516		
0	330	16	1	2982	66.12045081		
0	331	16	2	2984	65.78026385		
0	332	16	3	2598	65.73971942		
0	333	16	4	2605	66.14762201		
0	334	16	5	2650	66.11543746		
0	335	16	6	2644	66.12127308		
0	336	16	7	2703	66.13532765		
0	337	16	8	2698	66.20849217		
0	338	16	9	2696	66.20010055		
0	339	16	10	2682	66.19590083		
0	340	16	11	2501	66.18009994		
0	341	16	12	2500	66.14434195		
0	342	16	13	2494	66.07117988		
0	343	16	14	2492	66.09440575		
0	344	16	15	2482	66.08642678		
0	345	16	16	2486	66.0698266		
0	346	16	17	2705	66.12278424		
0	347	16	18	2709	66.20700036		
0	348	16	19	2725	66.21162665		
0	349	16	20	2711	66.27456058		
0	350	16	21	2394	66.22802184		
0	351	16	22	2392	66.13559333		
0	352	17	1	2790	66.1240536		
0	353	17	2	2794	65.95163514		
0	354	17	3	2567	65.97205047		
0	355	17	4	2557	66.14968352		
0	356	17	5	3125	66.15950765		
0	357	17	6	3157	65.76680064		
0	358	17	7	3346	65.75969108		
0	359	17	8	3326	66.06526575		
0	360	17	9	2763	66.00178986	rotated	
0	361	17	10	2765	65.89483992		
0	362	17	11	2844	65.9130219		
0	363	17	12	2842	65.95272349		
0	364	17	13	3409	65.97402298		
0	365	17	14	3401	65.96682815		
0	366	17	15	3250	65.99126763		
0	367	17	16	3269	65.77714997		
0	368	17	17	2353	65.8099005		
0	369	17	18	2476	66.12915847		
0	370	17	19	2478	66.07279035		
0	371	17	20	2719	66.06331941		
0	372	17	21	2446	66.22625716		
0	373	17	22	2450	66.146697		
0	374	18	1	2792	66.1378539		
0	375	18	2	2788	65.94602109		
0	376	18	3	2569	65.94013609		
0	377	18	4	2573	66.16729199		
0	378	18	5	3123	66.15795228		
0	379	18	6	3155	65.74549129		
0	380	18	7	3348	65.73328321		
0	381	18	8	3288	66.02530534		
0	382	18	9	2761	66.01994706		
0	383	18	10	2759	65.91525763		
0	384	18	11	2846	65.91769892		
0	385	18	12	2848	65.96806237		
0	386	18	13	3407	65.91414751		
0	387	18	14	3411	66.00564679		
0	388	18	15	3251	65.99065517		
0	389	18	16	3244	65.76062675		
0	390	18	17	2351	65.774147		
0	391	18	18	2475	66.11441448		
0	392	18	19	2480	66.1128555	rotated	
0	393	18	20	2723	66.11018926		
0	394	18	21	2444	66.24573215		
0	395	18	22	2448	66.15741133		
0	396	19	1	2796	66.13665278		
0	397	19	2	2798	65.95040303		
0	398	19	3	2577	65.99751214		
0	399	19	4	2576	66.14692264	rotated	
0	400	19	5	3159	66.15082579		
0	401	19	6	3111	65.75963307		
0	402	19	7	3300	65.71550183		
0	403	19	8	3336	66.01394847		
0	404	19	9	2775	66.01912777	rotated	
0	405	19	10	2726	65.89046046		
0	406	19	11	3207	65.77353825		
0	407	19	12	3165	65.76020968		
0	408	19	13	3413	66.02769024		
0	409	19	14	3405	66.00034654		
0	410	19	15	3253	65.78800013		
0	411	19	16	3242	65.78516249		
0	412	19	17	2355	66.10398829		
0	413	19	18	2357	66.10833507		
0	414	19	19	2455	66.11209646	rotated	
0	415	19	20	2453	66.12129774		
0	416	19	21	2436	66.13727161		
0	417	19	22	2442	66.15879334		
0	418	20	1	2800	65.98367811		
0	419	20	2	2801	65.96945788		
0	420	20	3	2575	66.13832633		
0	421	20	4	2580	66.17067523		
0	422	20	5	3144	65.78403774		
0	423	20	6	3142	65.77523916		
0	424	20	7	3344	66.02658879		
0	425	20	8	3355	66.05513342		
0	426	20	9	2728	65.86156863		
0	427	20	10	2730	65.86347206		
0	428	20	11	3163	65.74941021		
0	429	20	12	3167	65.77387337		
0	430	20	13	3426	66.01151203		
0	431	20	14	3403	66.02317403		
0	432	20	15	3257	65.79041814		
0	433	20	16	3255	65.80561992		
0	434	20	17	2457	66.09928418		
0	435	20	18	2721	66.24909655		
0	436	20	19	2451	66.10415733		
0	437	20	20	2459	66.09937217		
0	438	20	21	2438	66.12564136		
0	439	20	22	2440	66.14566218		
0	440	21	1	2817	65.98472604		
0	441	21	2	2811	65.95021304		
0	442	21	3	2584	66.14024611		
0	443	21	4	2588	66.12822131		
0	444	21	5	3146	65.80433944		
0	445	21	6	3126	65.75576574		
0	446	21	7	3350	66.02060035		
0	447	21	8	3359	66.06292451		
0	448	21	9	2773	65.88597187		
0	449	21	10	2771	65.92190914		
0	450	21	11	3198	65.78158548		
0	451	21	12	3136	65.77575586		
0	452	21	13	2742	65.8849801		
0	453	21	14	2746	65.88061032		
0	454	21	15	3200	65.73846518		
0	455	21	16	3201	65.73184441		
0	456	21	17	3453	66.0442835		
0	457	21	18	3467	66.06419669		
0	458	21	19	2471	66.1087041		
0	459	21	20	2467	66.12851886		
0	460	21	21	2432	66.15245522		
0	461	21	22	2430	66.12551839		
0	462	22	1	2813	65.97370284		
0	463	22	2	2815	65.96218705		
0	464	22	3	2582	66.13735901		
0	465	22	4	2586	66.16355885		
0	466	22	5	3130	65.75094027		
0	467	22	6	3101	65.72629819		
0	468	22	7	3338	66.00531102		
0	469	22	8	3357	66.01669181		
0	470	22	9	2767	65.90010743		
0	471	22	10	2769	65.90154042		
0	472	22	11	3134	65.78184299		
0	473	22	12	3184	65.80252736		
0	474	22	13	2740	65.90254618		
0	475	22	14	2744	65.8849047		
0	476	22	15	3217	65.76356142		
0	477	22	16	3230	65.75949288		
0	478	22	17	3478	66.04825791		
0	479	22	18	3480	66.05779423		
0	480	22	19	2469	66.10688455		
0	481	22	20	2473	66.09107035		
0	482	22	21	2428	66.14511652		
0	483	22	22	2434	66.12385545		
0	484	23	1	2807	65.95356826		
0	485	23	2	2803	65.94228875		
0	486	23	3	2590	66.17146318		
0	487	23	4	2594	66.12028635		
0	488	23	5	3121	65.73725907		
0	489	23	6	2107	66.19031769		
0	490	23	7	3369	66.035647		
0	491	23	8	3361	66.02476763		
0	492	23	9	3017	65.74983166		
0	493	23	10	3021	65.76331046		
0	494	23	11	3140	65.75997006		
0	495	23	12	3169	65.75799523		
0	496	23	13	2750	65.89351013		
0	497	23	14	2778	65.93465821		
0	498	23	15	3232	65.7459786		
0	499	23	16	3234	65.77095095		
0	500	23	17	3451	66.00797335		
0	501	23	18	3438	66.01599821		
0	502	23	19	2509	66.14226345		
0	503	23	20	2505	66.15838479		
0	504	23	21	2421	66.11108758		
0	505	23	22	2425	66.10673392		
0	506	24	1	2805	65.94985664		
0	507	24	2	2809	65.94614567		
0	508	24	3	2592	66.14516913		
0	509	24	4	2600	66.15918838		
0	510	24	5	3173	65.7573335		
0	511	24	6	3109	65.75106437		
0	512	24	7	3340	66.01141615		
0	513	24	8	3382	66.03076963		
0	514	24	9	3023	65.7467411		
0	515	24	10	3019	65.74463069		
0	516	24	11	3171	65.74316967		
0	517	24	12	3211	65.75627661		
0	518	24	13	2748	65.87743373		
0	519	24	14	2776	65.92757234		
0	520	24	15	3219	65.74237096		
0	521	24	16	3248	65.75796967		
0	522	24	17	3465	66.04267769		
0	523	24	18	3440	66.01555849		
0	524	24	19	2511	66.12654147		
0	525	24	20	2507	66.14397751		
0	526	24	21	2426	66.14607068		
0	527	24	22	2423	66.09975936		
0	528	25	1	2821	65.97570073		
0	529	25	2	2819	65.92493381		
0	530	25	3	2542	66.15100224		
0	531	25	4	2536	66.15163679		
0	532	25	5	3128	65.75067207		
0	533	25	6	3025	65.76123537		
0	534	25	7	3186	65.7653639		
0	535	25	8	3188	65.76467933		
0	536	25	9	3013	65.74920625		
0	537	25	10	3076	65.7751216		
0	538	25	11	3150	65.80727851		
0	539	25	12	2334	66.18317596		
0	540	25	13	2784	65.9610127		
0	541	25	14	2780	65.94742078		
0	542	25	15	3215	65.75018597		
0	543	25	16	3236	65.75586904		
0	544	25	17	3442	65.98846746		
0	545	25	18	3423	66.00028283		
0	546	25	19	2517	66.13234345		
0	547	25	20	2530	66.13882354		
0	548	25	21	2388	66.1121091		
0	549	25	22	2386	66.14243869		
0	550	26	1	2825	66.01271731		
0	551	26	2	2823	65.99732011		
0	552	26	3	2538	66.14161979		
0	553	26	4	2540	66.11492723		
0	554	26	5	3103	65.75307204		
0	555	26	6	3100	65.73984812		
0	556	26	7	3190	65.77381288		
0	557	26	8	3203	65.7449294		
0	558	26	9	3011	65.77294869		
0	559	26	10	3090	65.73497921		
0	560	26	11	3180	65.77099467		
0	561	26	12	3151	65.75624659		
0	562	26	13	2786	65.93816746		
0	563	26	14	2782	65.9212486		
0	564	26	15	3223	65.75508048		
0	565	26	16	3240	65.74522673		
0	566	26	17	3436	66.04205808		
0	567	26	18	3455	66.05859396		
0	568	26	19	2515	66.12821904		
0	569	26	20	2513	66.15856068		
0	570	26	21	2384	66.13590091		
0	571	26	22	2382	66.1203224		
0	572	27	1	2828	65.99179748		
0	573	27	2	2832	65.98257836		
0	574	27	3	2548	66.13459749		
0	575	27	4	2546	66.13217633		
0	576	27	5	3084	65.74041099		
0	577	27	6	3161	65.72876706		
0	578	27	7	3238	65.76821997		
0	579	27	8	3209	65.72485386		
0	580	27	9	3005	65.75584634		
0	581	27	10	3007	65.77121605		
0	582	27	11	3182	65.77964906		
0	583	27	12	3194	65.79590807		
0	584	27	13	3417	66.01428127		
0	585	27	14	3428	66.02158766		
0	586	27	15	3213	65.74599084		
0	587	27	16	3228	65.7597396		
0	588	27	17	3430	66.02492969		
0	589	27	18	3421	66.02370774		
0	590	27	19	2521	66.15212706		
0	591	27	20	2519	66.13692595		
0	592	27	21	2380	66.11875807		
0	593	27	22	2378	66.1095655	crooked	
0	594	28	1	2830	65.9322131		
0	595	28	2	2834	65.92681763		
0	596	28	3	2550	66.14458947		
0	597	28	4	2544	66.13191351		
0	598	28	5	3082	65.76823839		
0	599	28	6	3080	65.74880082		
0	600	28	7	3221	65.75167521		
0	601	28	8	3205	65.74342822		
0	602	28	9	3003	65.7473455		
0	603	28	10	3009	65.75361826		
0	604	28	11	3196	65.78123253		
0	605	28	12	3225	65.72632216		
0	606	28	13	3415	66.00406493		
0	607	28	14	3425	66.01948085		
0	608	28	15	3226	65.74654959		
0	609	28	16	3246	65.77442524		
0	610	28	17	3432	66.01263517		
0	611	28	18	3469	66.03010757		
0	612	28	19	2534	66.15996355		
0	613	28	20	2532	66.14004237		
0	614	28	21	2376	66.10364044		
0	615	28	22	2375	66.09579111		
0	616	29	1	2826	65.99253219		
0	617	29	2	2836	65.95311287		
0	618	29	3	2555	66.15991924		
0	619	29	4	2551	66.16273163		
0	620	29	5	3088	65.7272792	rotated	
0	621	29	6	3113	65.73488561		
0	622	29	7	3176	65.79412847		
0	623	29	8	3192	65.76976537		
0	624	29	9	3092	65.71463911		
0	625	29	10	3015	65.76958643		
0	626	29	11	3267	65.7968154		
0	627	29	12	3273	65.87473073		
0	628	29	13	2751	65.90619088		
0	629	29	14	2753	65.94414036		
0	630	29	15	3263	65.78885517		
0	631	29	16	3271	65.80066721		
0	632	29	17	3394	66.04184049		
0	633	29	18	3390	66.05976895		
0	634	29	19	2526	66.13612148		
0	635	29	20	2525	66.13705511		
0	636	29	21	2369	66.08465395		
0	637	29	22	2371	66.10962002		
0	638	30	1	2840	65.94214045		
0	639	30	2	2838	65.93457774		
0	640	30	3	2553	66.17683006		
0	641	30	4	2571	66.15134846		
0	642	30	5	3115	65.76169308		
0	643	30	6	3117	65.75617727		
0	644	30	7	3175	65.75292029		
0	645	30	8	3178	65.77196954		
0	646	30	9	3001	65.76975688		
0	647	30	10	3148	65.77806551		
0	648	30	11	3265	65.77704875		
0	649	30	12	3275	65.89580643		
0	650	30	13	2757	65.913256		
0	651	30	14	2755	65.88868765		
0	652	30	15	3259	65.81653017		
0	653	30	16	3261	65.77496707		
0	654	30	17	3380	66.03251106		
0	655	30	18	3392	66.03913188		
0	656	30	19	2523	66.13018126		
0	657	30	20	2528	66.13838928		
0	658	30	21	2373	66.10478947		
0	659	30	22	2367	66.10708616		
0	660	31	1	0257	39.87		
0	661	31	2	0350	39.86		
0	662	31	3	0357	39.87		
0	663	31	4	0353	39.88		
0	664	31	5	0313	39.85		
0	665	31	6	0292	39.85		
0	666	31	7	0301	39.85		
0	667	31	8	0240	39.88		
0	668	31	9	0342	39.87		
0	669	31	10	0351	39.86		
0	670	31	11	0317	39.85		
0	671	31	12	0330	39.86		
0	672	31	13	0250	39.88		
0	673	31	14	0230	39.88		
0	674	31	15	0298	39.86		
0	675	31	16	0311	39.85		
0	676	31	17	0307	39.86		
0	677	31	18	0326	39.85		
0	678	31	19	0284	39.84		
0	679	31	20	0259	39.85		
0	680	31	21	0296	39.86		
0	681	31	22	0286	39.84		
0	682	32	1	0228	39.87		
0	683	32	2	0269	39.86		
0	684	32	3	0344	39.86		
0	685	32	4	0336	39.86		
0	686	32	5	0303	39.85		
0	687	32	6	0219	39.88		
0	688	32	7	0261	39.88		
0	689	32	8	0238	39.89		
0	690	32	9	0321	39.85		
0	691	32	10	0276	39.86		
0	692	32	11	0319	39.86		
0	693	32	12	0244	39.85		
0	694	32	13	0263	39.87		
0	695	32	14	0248	39.89		
0	696	32	15	0271	39.86		
0	697	32	16	0246	39.87		
0	698	32	17	0267	39.86		
0	699	32	18	0255	39.88		
0	700	32	19	0253	39.87		
0	701	32	20	0294	39.88		
0	702	32	21	0234	39.86		
0	703	32	22	0251	39.87		
0	704	33	1	0134	39.86		
0	705	33	2	0169	39.79		
0	706	33	3	0201	39.83		
0	707	33	4	0180	39.82		
0	708	33	5	0140	39.84		
0	709	33	6	0151	39.77		
0	710	33	7	0126	39.83		
0	711	33	8	0121	39.84		
0	712	33	9	0196	39.78		
0	713	33	10	0130	39.83		
0	714	33	11	0328	39.86		
0	715	33	12	0242	39.89		
0	716	33	13	0288	39.85		
0	717	33	14	0338	39.86		
0	718	33	15	0325	39.85		
0	719	33	16	0315	39.88		
0	720	33	17	0232	39.87		
0	721	33	18	0225	39.84		
0	722	33	19	0346	39.88		
0	723	33	20	0305	39.85		
0	724	33	21	0273	39.88		
0	725	33	22	0300	39.89		
0	726	34	1	0123	39.82		
0	727	34	2	0173	39.8		
0	728	34	3	0167	39.81		
0	729	34	4	0119	39.84		
0	730	34	5	0125	39.84		
0	731	34	6	0136	39.86		
0	732	34	7	0215	39.84		
0	733	34	8	0128	39.84		
0	734	34	9	0163	39.8		
0	735	34	10	0157	39.78		
0	736	34	11	0223	39.9		
0	737	34	12	0323	39.87		
0	738	34	13	0275	39.84		
0	739	34	14	0332	39.84		
0	740	34	15	0334	39.85		
0	741	34	16	0355	39.87		
0	742	34	17	0236	39.86		
0	743	34	18	0340	39.84		
0	744	34	19	0290	39.83		
0	745	34	20	0278	39.84		
0	746	34	21	0348	39.89		
0	747	34	22	0280	39.85		
1	0	1	1	0596	66.08329819		
1	1	1	2	0594	66.07386276		
1	2	1	3	0590	66.07912197		
1	3	1	4	0582	66.08228396		
1	4	1	5	0621	66.05923868		
1	5	1	6	0584	66.07631975		
1	6	1	7	0638	66.07221248		
1	7	1	8	0642	66.0835997		
1	8	1	9	0634	66.07775158		
1	9	1	10	0632	66.09859247		
1	10	1	11	0611	66.08016975		
1	11	1	12	0626	66.0866995		
1	12	1	13	0619	66.06685262		
1	13	1	14	0603	66.0839595		
1	14	1	15	0698	66.09558722		
1	15	1	16	0696	66.11347738		
1	16	1	17	0686	66.11130388		
1	17	1	18	0690	66.10635494		
1	18	1	19	0684	66.09036467		
1	19	1	20	0682	66.0639222		
1	20	1	21	0676	66.07060055		
1	21	1	22	0646	66.07695365		
1	22	2	1	0605	66.08080817		
1	23	2	2	0600	66.05004267		
1	24	2	3	0592	66.07663026		
1	25	2	4	0573	66.07818882		
1	26	2	5	0586	66.05553647		
1	27	2	6	0598	66.07336151		
1	28	2	7	0640	66.07563795		
1	29	2	8	0644	66.07883121		
1	30	2	9	0636	66.08377672		
1	31	2	10	0630	66.04826207		
1	32	2	11	0613	66.0638212		
1	33	2	12	0628	66.05295703		
1	34	2	13	0617	66.07356446		
1	35	2	14	0615	66.08955945		
1	36	2	15	0692	66.12571411		
1	37	2	16	0694	66.07064678		
1	38	2	17	0688	66.05234027		
1	39	2	18	0700	66.1037635		
1	40	2	19	0680	66.06764463		
1	41	2	20	0678	66.0690738		
1	42	2	21	0648	66.08253865		
1	43	2	22	0538	66.09329248		
1	44	3	1	0609	66.07090613		
1	45	3	2	0601	66.06375686		
1	46	3	3	0526	66.08918497		
1	47	3	4	0530	66.05471191		
1	48	3	5	0542	66.11565407		
1	49	3	6	0536	66.10701241		
1	50	3	7	0623	66.094096		
1	51	3	8	0578	66.07359008		
1	52	3	9	0548	66.11243204		
1	53	3	10	0544	66.06360406		
1	54	3	11	0559	66.0756564		
1	55	3	12	0551	66.09711305		
1	56	3	13	0553	66.09054316		
1	57	3	14	0576	66.06190707		
1	58	3	15	0650	66.04873234		
1	59	3	16	0561	66.08753122		
1	60	3	17	0784	65.94751455		
1	61	3	18	0786	65.93325951		
1	62	3	19	0821	65.9474494		
1	63	3	20	0817	65.93724808		
1	64	3	21	0800	65.94451815		
1	65	3	22	0798	65.93700843		
1	66	4	1	0607	66.08068739		
1	67	4	2	0625	66.11549888		
1	68	4	3	0528	66.07922439		
1	69	4	4	0557	66.07424597		
1	70	4	5	0567	66.0886844		
1	71	4	6	0534	66.07420617		
1	72	4	7	0532	66.11732833		
1	73	4	8	0546	66.07598968		
1	74	4	9	0563	66.08697956		
1	75	4	10	0540	66.09041027		
1	76	4	11	0565	66.04513633		
1	77	4	12	0550	66.09103417		
1	78	4	13	0555	66.07782146		
1	79	4	14	0575	66.09528684		
1	80	4	15	0580	66.07269974		
1	81	4	16	0571	66.08569575		
1	82	4	17	0788	65.92355401		
1	83	4	18	0790	65.95694202		
1	84	4	19	0832	65.91284235		
1	85	4	20	0803	65.96439548		
1	86	4	21	0815	65.96229357		
1	87	4	22	0801	65.95634939		
1	88	5	1	0932	65.8943161		
1	89	5	2	0930	65.90644217		
1	90	5	3	0919	65.91013343		
1	91	5	4	0936	65.91494479		
1	92	5	5	0750	65.91463305		
1	93	5	6	0746	65.92470767		
1	94	5	7	0769	65.94933002		
1	95	5	8	0778	65.96968527		
1	96	5	9	0742	65.89844341		
1	97	5	10	0751	65.9188334		
1	98	5	11	0736	65.92056124		
1	99	5	12	0734	65.90488087		
1	100	5	13	0809	65.96534879		
1	101	5	14	0807	65.9248483		
1	102	5	15	0775	65.94635599		
1	103	5	16	0773	65.95327757		
1	104	5	17	0805	65.94882934		
1	105	5	18	0796	65.98228937		
1	106	5	19	0757	65.95325045		
1	107	5	20	0763	65.95411753		
1	108	5	21	0828	65.90947074		
1	109	5	22	0823	65.91234311		
1	110	6	1	0938	65.92144306		
1	111	6	2	0934	65.91663959		
1	112	6	3	0925	65.91792837		
1	113	6	4	0923	65.88358737		
1	114	6	5	0744	65.89279461		
1	115	6	6	0748	65.90899454		
1	116	6	7	0755	65.95142224		
1	117	6	8	0780	65.9748272		
1	118	6	9	0767	65.95834945		
1	119	6	10	0765	65.96698642		
1	120	6	11	0730	65.91621132		
1	121	6	12	0732	65.91180555		
1	122	6	13	0771	65.94048993		
1	123	6	14	0819	65.94936025		
1	124	6	15	0776	65.94956999		
1	125	6	16	0792	65.98118155		
1	126	6	17	0782	65.9682015		
1	127	6	18	0794	65.96208884		
1	128	6	19	0761	65.96911412		
1	129	6	20	0759	65.93525733		
1	130	6	21	0811	65.95287809		
1	131	6	22	0813	65.9273793		
1	132	7	1	0942	65.89861036		
1	133	7	2	0928	65.90538129		
1	134	7	3	0946	65.92151258		
1	135	7	4	0944	65.93175395		
1	136	7	5	713	65.91772497		
1	137	7	6	0753	65.9472244		
1	138	7	7	0726	65.90680304		
1	139	7	8	721	65.87624622		
1	140	7	9	709	65.88191956		
1	141	7	10	723	65.90249269		
1	142	7	11	0892	65.90877646		
1	143	7	12	0865	65.94141828		
1	144	7	13	0909	65.87866585		
1	145	7	14	0911	65.89151781		
1	146	7	15	0913	65.90659045		
1	147	7	16	0888	65.92839808		
1	148	7	17	0890	65.89714452		
1	149	7	18	0901	65.89907505		
1	150	7	19	715	65.89622257		
1	151	7	20	703	65.91123559		
1	152	7	21	0853	65.92974365		
1	153	7	22	0861	65.93170568		
1	154	8	1	0940	65.89858879		
1	155	8	2	0926	65.91292029		
1	156	8	3	0948	65.92764466		
1	157	8	4	0950	65.90515818		
1	158	8	5	0728	65.86798522		
1	159	8	6	0740	65.92088517		
1	160	8	7	719	65.91630937		
1	161	8	8	0738	65.88662667		
1	162	8	9	707	65.88172689		
1	163	8	10	711	65.87418346		
1	164	8	11	0900	65.95927996		
1	165	8	12	0907	65.88306455		
1	166	8	13	0921	65.86365008		
1	167	8	14	0915	65.88113809		
1	168	8	15	0876	65.95546105		
1	169	8	16	0905	65.9112372		
1	170	8	17	0917	65.88940801		
1	171	8	18	0903	65.89848528		
1	172	8	19	701	65.87671935		
1	173	8	20	717	65.88278509		
1	174	8	21	0855	65.92874913		
1	175	8	22	705	65.9052242		
1	176	9	1	0836	65.90995112		
1	177	9	2	0834	65.93806196		
1	178	9	3	0844	65.92413817		
1	179	9	4	0873	65.91377908		
1	180	9	5	0871	65.92687131		
1	181	9	6	0857	65.92454749		
1	182	9	7	0840	65.96589729		
1	183	9	8	0850	65.92281672		
1	184	9	9	0851	65.94945678		
1	185	9	10	0898	65.9409152		
1	186	9	11	0896	65.89947847		
1	187	9	12	0886	65.91613663		
1	188	9	13	0884	65.93966853		
1	189	9	14	0869	65.92789748		
1	190	9	15	1286	65.99190881		
1	191	9	16	1269	65.96927313		
1	192	9	17	1221	66.02170267		
1	193	9	18	1238	65.99780993		
1	194	9	19	1273	65.97952362		
1	195	9	20	1240	66.01991292		
1	196	9	21	1257	66.03780037		
1	197	9	22	1259	66.01862619		
1	198	10	1	0830	65.92608185		
1	199	10	2	0846	65.89306563		
1	200	10	3	0848	65.93315327		
1	201	10	4	0859	65.93023574		
1	202	10	5	0842	65.92718206		
1	203	10	6	0826	65.88383857		
1	204	10	7	0825	65.95470043		
1	205	10	8	0882	65.94980892		
1	206	10	9	0878	65.93034743		
1	207	10	10	0875	65.9414539		
1	208	10	11	0894	65.96112967		
1	209	10	12	0880	65.94090331		
1	210	10	13	0863	65.91480861		
1	211	10	14	0838	65.9030925		
1	212	10	15	1253	65.97320219		
1	213	10	16	1284	65.98672355		
1	214	10	17	1203	66.04439234		
1	215	10	18	1205	66.02839991		
1	216	10	19	1255	66.00801424		
1	217	10	20	1271	66.0076169		
1	218	10	21	1226	66.00199601		
1	219	10	22	1225	66.01716601		
1	220	11	1	1098	66.02432295		
1	221	11	2	1078	65.99891702		
1	222	11	3	1101	66.00684871		
1	223	11	4	1113	65.97742323		
1	224	11	5	1109	65.98077053		
1	225	11	6	1111	65.97202818		
1	226	11	7	1115	65.96402566		
1	227	11	8	1119	65.99613025		
1	228	11	9	1069	65.98769491		
1	229	11	10	1067	66.00113481		
1	230	11	11	1071	66.01028125		
1	231	11	12	1073	65.99170927		
1	232	11	13	1082	66.00784556		
1	233	11	14	1080	66.00615008		
1	234	11	15	1090	66.02447094		
1	235	11	16	1086	66.00881236		
1	236	11	17	1042	66.00160512		
1	237	11	18	1025	65.97698778		
1	238	11	19	1038	66.03034959		
1	239	11	20	1032	66.01524586		
1	240	11	21	1044	66.01290013		
1	241	11	22	1048	66.03749557		
1	242	12	1	1094	66.00487045		
1	243	12	2	1096	66.01580659		
1	244	12	3	1100	66.00282234		
1	245	12	4	1092	66.02465468		
1	246	12	5	1107	65.99029505		
1	247	12	6	1105	66.00202838		
1	248	12	7	1103	66.00529298		
1	249	12	8	1117	66.00151091		
1	250	12	9	1059	65.98685203		
1	251	12	10	1061	66.00701211		
1	252	12	11	1063	66.00999909		
1	253	12	12	1075	65.99470971		
1	254	12	13	1065	66.00795561		
1	255	12	14	1076	65.99245216		
1	256	12	15	1084	65.9985609		
1	257	12	16	1088	66.00528867		
1	258	12	17	1040	66.00784581		
1	259	12	18	1023	66.00471102		
1	260	12	19	1034	66.01910234		
1	261	12	20	1036	66.02760589		
1	262	12	21	1050	66.01697026		
1	263	12	22	1046	66.00309036		
1	264	13	1	1003	65.97326442		
1	265	13	2	1001	65.97519178		
1	266	13	3	1017	65.97004985		
1	267	13	4	1015	66.0037345		
1	268	13	5	1026	66.01615471		
1	269	13	6	1011	65.99590265		
1	270	13	7	1021	65.98888694		
1	271	13	8	1030	66.0331859		
1	272	13	9	0969	66.00181482		
1	273	13	10	0975	65.96565913		
1	274	13	11	0973	65.98481983		
1	275	13	12	0967	65.9747768		
1	276	13	13	0978	65.97792822		
1	277	13	14	0982	65.98736166		
1	278	13	15	0986	65.99584873		
1	279	13	16	0992	65.95781869		
1	280	13	17	1163	65.98782053		
1	281	13	18	1186	66.05453976		
1	282	13	19	1153	65.9704385		
1	283	13	20	1169	65.98193469		
1	284	13	21	0955	65.98270921		
1	285	13	22	0951	65.99854215		
1	286	14	1	0996	65.99240179		
1	287	14	2	0998	65.97831041		
1	288	14	3	1005	65.99945626		
1	289	14	4	1013	65.95689221		
1	290	14	5	1007	66.00667678		
1	291	14	6	1009	66.00200745		
1	292	14	7	1019	65.99849235		
1	293	14	8	1028	65.99895811		
1	294	14	9	0988	65.9622231		
1	295	14	10	0971	65.9803895		
1	296	14	11	0990	66.00592535		
1	297	14	12	0976	65.97103947		
1	298	14	13	0984	65.997669		
1	299	14	14	0980	65.96433617		
1	300	14	15	1000	65.98213041		
1	301	14	16	0994	65.98912403		
1	302	14	17	1159	66.00970071		
1	303	14	18	1165	65.99133053		
1	304	14	19	1157	65.99600675		
1	305	14	20	1167	66.01905818		
1	306	14	21	0953	65.97574239		
1	307	14	22	0965	65.95399775		
1	308	15	1	1265	65.9746507		
1	309	15	2	1267	66.00356051		
1	310	15	3	1250	65.9949919		
1	311	15	4	1296	66.00098987		
1	312	15	5	1261	65.99605893		
1	313	15	6	1280	66.00354982		
1	314	15	7	1217	65.99835777		
1	315	15	8	1215	66.01023655		
1	316	15	9	1171	66.00230758		
1	317	15	10	1232	65.98195136		
1	318	15	11	1228	65.98399749		
1	319	15	12	1188	66.02127843		
1	320	15	13	1244	65.97651333		
1	321	15	14	1242	65.99190821		
1	322	15	15	1182	66.03655401		
1	323	15	16	1161	65.97816459		
1	324	15	17	1176	66.02874339		
1	325	15	18	1175	65.99941452		
1	326	15	19	1198	66.05457933		
1	327	15	20	1178	66.02414666		
1	328	15	21	1194	66.04566497		
1	329	15	22	1196	66.0492972		
1	330	16	1	1282	65.98155502		
1	331	16	2	1298	65.99375368		
1	332	16	3	1248	65.99334216		
1	333	16	4	1309	66.04738813		
1	334	16	5	1278	65.9952567		
1	335	16	6	1263	65.98897349		
1	336	16	7	1230	65.98791123		
1	337	16	8	1200	66.05601503		
1	338	16	9	1223	66.00717511		
1	339	16	10	1173	66.00433959		
1	340	16	11	1190	66.03681469		
1	341	16	12	1246	65.97884575		
1	342	16	13	1209	66.00697744		
1	343	16	14	1211	66.00996928		
1	344	16	15	1155	66.00107938		
1	345	16	16	1151	65.97893146		
1	346	16	17	1180	66.03999171		
1	347	16	18	1192	66.05701899		
1	348	16	19	1201	66.03014294		
1	349	16	20	1184	66.02774827		
1	350	16	21	1213	66.02216713		
1	351	16	22	1207	66.04208522		
1	352	17	1	1251	66.02023249		
1	353	17	2	1236	66.00093264		
1	354	17	3	1292	66.015818		
1	355	17	4	1307	66.02130472		
1	356	17	5	1323	66.03392157		
1	357	17	6	1319	66.01611804		
1	358	17	7	1288	65.98499827		
1	359	17	8	1275	65.97294414		
1	360	17	9	1315	66.00376419		
1	361	17	10	1313	65.99927578		
1	362	17	11	1150	65.98207439		
1	363	17	12	1144	66.00176014		
1	364	17	13	1142	65.99957311		
1	365	17	14	1138	65.98054394		
1	366	17	15	1132	66.04478032		
1	367	17	16	1134	66.0227468		
1	368	17	17	1123	65.97276981		
1	369	17	18	1121	65.96277187		
1	370	17	19	1461	66.12444183		
1	371	17	20	1482	66.11406035		
1	372	17	21	1484	66.05943401		
1	373	17	22	1478	66.09344496		
1	374	18	1	1234	65.97944013		
1	375	18	2	1219	66.00090284		
1	376	18	3	1294	66.01630867		
1	377	18	4	1276	66.00219225		
1	378	18	5	1321	66.01685905		
1	379	18	6	1305	66.04590767		
1	380	18	7	1290	66.01570885		
1	381	18	8	1303	66.0013115		
1	382	18	9	1317	66.00322178		
1	383	18	10	1301	66.01691016		
1	384	18	11	1148	65.98282611		
1	385	18	12	1146	65.99799856		
1	386	18	13	1140	65.96059025		
1	387	18	14	1136	66.03434955		
1	388	18	15	1128	65.99197172		
1	389	18	16	1130	66.01997443		
1	390	18	17	1125	65.97248864		
1	391	18	18	1126	65.97316217		
1	392	18	19	1480	66.10625975		
1	393	18	20	1473	66.08378056		
1	394	18	21	1475	66.08052131		
1	395	18	22	1476	66.10310862		
1	396	19	1	1511	66.05066989		
1	397	19	2	1525	66.05451596		
1	398	19	3	1565	66.05616524		
1	399	19	4	1551	66.0461215		
1	400	19	5	1346	66.02793274		
1	401	19	6	1350	66.04467744		
1	402	19	7	1328	66.04836722		
1	403	19	8	1330	66.03354241		
1	404	19	9	1376	66.07611542		
1	405	19	10	1386	66.05956185		
1	406	19	11	1361	66.0466796		
1	407	19	12	1363	66.04878509		
1	408	19	13	1405	66.08454101		
1	409	19	14	1407	66.07777652		
1	410	19	15	1400	66.05574777		
1	411	19	16	1384	66.06156908		
1	412	19	17	1471	66.09564273		
1	413	19	18	1459	66.09571758		
1	414	19	19	1457	66.12104446		
1	415	19	20	1423	66.09932475		
1	416	19	21	1492	66.09898381		
1	417	19	22	1488	66.09940965		
1	418	20	1	1505	66.06466434		
1	419	20	2	1509	66.05957357		
1	420	20	3	1523	66.03803648		
1	421	20	4	1536	66.08182335		
1	422	20	5	1344	66.02947651		
1	423	20	6	1348	66.05320642		
1	424	20	7	1326	66.04958466		
1	425	20	8	1342	66.04821957		
1	426	20	9	1382	66.04935807		
1	427	20	10	1373	66.03854109		
1	428	20	11	1365	66.01682816		
1	429	20	12	1359	66.06349999		
1	430	20	13	1421	66.0580642		
1	431	20	14	1403	66.05649575		
1	432	20	15	1388	66.06081073		
1	433	20	16	1398	66.06780985		
1	434	20	17	1467	66.07269239		
1	435	20	18	1465	66.08362891		
1	436	20	19	1451	66.09424553		
1	437	20	20	1425	66.08657193		
1	438	20	21	1490	66.08144202		
1	439	20	22	1486	66.08350878		
1	440	21	1	1517	66.05926151		
1	441	21	2	1519	66.04581149		
1	442	21	3	1534	66.09849724		
1	443	21	4	1528	66.0715509		
1	444	21	5	1336	66.03345062		
1	445	21	6	1332	66.03924792		
1	446	21	7	1503	66.04109389		
1	447	21	8	1507	66.06216521		
1	448	21	9	1369	66.07035673		
1	449	21	10	1371	66.04599166		
1	450	21	11	1355	66.03758446		
1	451	21	12	1353	66.02751283		
1	452	21	13	1396	66.08147905		
1	453	21	14	1411	66.08903033		
1	454	21	15	1392	66.09451584		
1	455	21	16	1394	66.05429506		
1	456	21	17	1469	66.09648926		
1	457	21	18	1453	66.1231825		
1	458	21	19	1413	66.0896524		
1	459	21	20	1419	66.09302882		
1	460	21	21	1500	66.11075352		
1	461	21	22	1494	66.11730143		
1	462	22	1	1521	66.0639282		
1	463	22	2	1538	66.08614956		
1	464	22	3	1530	66.07712746		
1	465	22	4	1550	66.0847254		
1	466	22	5	1340	66.03334198		
1	467	22	6	1334	66.04660936		
1	468	22	7	1515	66.05449304		
1	469	22	8	1501	66.0483265		
1	470	22	9	1375	66.08788895		
1	471	22	10	1378	66.05319197		
1	472	22	11	1367	66.06170075		
1	473	22	12	1351	66.05686982		
1	474	22	13	1401	66.08399958		
1	475	22	14	1409	66.11321687		
1	476	22	15	1380	66.03393562		
1	477	22	16	1390	66.07284717		
1	478	22	17	1455	66.10575271		
1	479	22	18	1463	66.1277559		
1	480	22	19	1417	66.09567623		
1	481	22	20	1415	66.08775915		
1	482	22	21	1496	66.10508919		
1	483	22	22	1498	66.08833755		
1	484	23	1	1734	66.11576747		
1	485	23	2	1740	66.10565401		
1	486	23	3	1746	66.10650803		
1	487	23	4	1744	66.10717319		
1	488	23	5	1748	66.08190248		
1	489	23	6	1751	65.98603774		
1	490	23	7	1638	66.11007107		
1	491	23	8	1613	66.10062472		
1	492	23	9	1673	66.09531516		
1	493	23	10	1640	66.0911194		
1	494	23	11	1653	66.0801614		
1	495	23	12	1665	66.08066111		
1	496	23	13	1663	66.07890139		
1	497	23	14	1642	66.10527645		
1	498	23	15	1576	66.1117931		
1	499	23	16	1563	66.08002222		
1	500	23	17	1540	66.08663304		
1	501	23	18	1571	66.10350103		
1	502	23	19	1686	66.07731096		
1	503	23	20	1688	66.07673949		
1	504	23	21	1696	66.09649766		
1	505	23	22	1694	66.10806924		
1	506	24	1	1738	66.09146475		
1	507	24	2	1736	66.0871517		
1	508	24	3	1742	66.10858596		
1	509	24	4	1728	66.11671252		
1	510	24	5	1753	66.0220732		
1	511	24	6	1750	66.09964291		
1	512	24	7	1626	66.08910634		
1	513	24	8	1636	66.09675857		
1	514	24	9	1651	66.05423423		
1	515	24	10	1644	66.0932398		
1	516	24	11	1646	66.10308021		
1	517	24	12	1667	66.10184879		
1	518	24	13	1661	66.0755531		
1	519	24	14	1628	66.09113673		
1	520	24	15	1567	66.05109105		
1	521	24	16	1578	66.08611387		
1	522	24	17	1555	66.07046728		
1	523	24	18	1553	66.08070022		
1	524	24	19	1690	66.08737869		
1	525	24	20	1648	66.12692715		
1	526	24	21	1692	66.07643535		
1	527	24	22	1675	66.08361359		
1	528	25	1	1592	66.0977773		
1	529	25	2	1590	66.12482815		
1	530	25	3	1621	66.14747689		
1	531	25	4	1617	66.09770525		
1	532	25	5	1726	66.07771377		
1	533	25	6	1732	66.09484291		
1	534	25	7	1601	66.10790533		
1	535	25	8	1611	66.11963182		
1	536	25	9	1588	66.09927996		
1	537	25	10	1598	66.10261256		
1	538	25	11	1623	66.12296783		
1	539	25	12	1615	66.09326707		
1	540	25	13	1619	66.12708461		
1	541	25	14	1632	66.07614799		
1	542	25	15	1542	66.11716103		
1	543	25	16	1544	66.08349564		
1	544	25	17	1546	66.09244794		
1	545	25	18	1548	66.08316694		
1	546	25	19	1682	66.05065634		
1	547	25	20	1659	66.079375		
1	548	25	21	1676	66.08095763		
1	549	25	22	1671	66.080978		
1	550	26	1	1575	66.06151463		
1	551	26	2	1603	66.10841115		
1	552	26	3	1607	66.08526987		
1	553	26	4	1605	66.08556631		
1	554	26	5	1730	66.09779869		
1	555	26	6	1717	66.10782911		
1	556	26	7	1600	66.0714875		
1	557	26	8	1609	66.09603709		
1	558	26	9	1596	66.10029863		
1	559	26	10	1586	66.12184526		
1	560	26	11	1625	66.11996133		
1	561	26	12	1630	66.09549251		
1	562	26	13	1634	66.06164697		
1	563	26	14	1655	66.08464768		
1	564	26	15	1513	66.06738834		
1	565	26	16	1526	66.07673628		
1	566	26	17	1557	66.06285436		
1	567	26	18	1532	66.11086508		
1	568	26	19	0867	65.92344268		
1	569	26	20	1657	66.08135849		
1	570	26	21	1680	66.06591247		
1	571	26	22	1669	66.08105001		
1	572	27	1	1569	66.06531963		
1	573	27	2	1559	66.0729664		
1	574	27	3	1792	66.01818536		
1	575	27	4	1794	66.01626616		
1	576	27	5	1757	66.01265198		
1	577	27	6	1761	65.98222363		
1	578	27	7	1815	66.03138113		
1	579	27	8	1821	66.05432889		
1	580	27	9	1784	66.01067095		
1	581	27	10	1786	66.03197359		
1	582	27	11	1715	66.10213745		
1	583	27	12	1725	66.14219746		
1	584	27	13	1684	66.07842217		
1	585	27	14	1678	66.09690324		
1	586	27	15	0961	65.99179784		
1	587	27	16	0957	65.96646318		
1	588	27	17	1810	65.99205948		
1	589	27	18	1836	66.01060363		
1	590	27	19	1825	66.0506639		
1	591	27	20	1848	65.99812824		
1	592	27	21	1878	66.15571958		
1	593	27	22	1867	66.14697404		
1	594	28	1	1594	66.10466879		
1	595	28	2	1580	66.08949547		
1	596	28	3	1778	66.0435756		
1	597	28	4	1790	65.99950524		
1	598	28	5	1769	66.01818555		
1	599	28	6	1767	66.01939856		
1	600	28	7	1816	66.04219833		
1	601	28	8	1819	66.04923019		
1	602	28	9	1782	66.04362908		
1	603	28	10	1780	66.03155177		
1	604	28	11	1719	66.08036258		
1	605	28	12	1713	66.10184909		
1	606	28	13	1701	66.09959926		
1	607	28	14	1700	66.07047612		
1	608	28	15	0963	65.99799963		
1	609	28	16	1057	65.98087071		
1	610	28	17	1834	65.99749687		
1	611	28	18	1850	65.98894423		
1	612	28	19	1846	65.99567681		
1	613	28	20	1826	66.02106532		
1	614	28	21	1865	66.1315545		
1	615	28	22	1853	66.11756674		
1	616	29	1	1582	66.10219436		
1	617	29	2	1584	66.11379628		
1	618	29	3	1776	66.05745461		
1	619	29	4	1771	66.03244393		
1	620	29	5	1765	65.99649042		
1	621	29	6	1763	66.01383547		
1	622	29	7	1796	65.98384965		
1	623	29	8	1800	66.01353477		
1	624	29	9	1803	66.02986227		
1	625	29	10	1801	66.0268503		
1	626	29	11	1703	66.101006		
1	627	29	12	1721	66.12471343		
1	628	29	13	1711	66.08135306		
1	629	29	14	1705	66.11263137		
1	630	29	15	0959	66.00519824		
1	631	29	16	1055	65.99699011		
1	632	29	17	1809	66.02969951		
1	633	29	18	1828	66.03831616		
1	634	29	19	1841	66.00786516		
1	635	29	20	1844	66.02230077		
1	636	29	21	1882	66.14519375		
1	637	29	22	1869	66.15631184		
1	638	30	1	1561	66.07232075		
1	639	30	2	1573	66.08076471		
1	640	30	3	1773	66.02355924		
1	641	30	4	1775	66.03282133		
1	642	30	5	1759	66.00688639		
1	643	30	6	1755	66.00613241		
1	644	30	7	1798	65.99894163		
1	645	30	8	1823	66.0613396		
1	646	30	9	1807	66.03249771		
1	647	30	10	1805	65.99850751		
1	648	30	11	1723	66.10743461		
1	649	30	12	1698	66.09482655		
1	650	30	13	1709	66.10591784		
1	651	30	14	1707	66.10345712		
1	652	30	15	1051	65.98505048		
1	653	30	16	1053	65.9808653		
1	654	30	17	1830	65.99841655		
1	655	30	18	1832	66.01466653		
1	656	30	19	1840	66.03546497		
1	657	30	20	1300	66.00547452		
1	658	30	21	1880	66.14840321		
1	659	30	22	1892	66.15322599		
1	660	31	1	0065	39.78		
1	661	31	2	0109	39.83		
1	662	31	3	0107	39.81		
1	663	31	4	0090	39.79		
1	664	31	5	0046	39.77		
1	665	31	6	0098	39.81		
1	666	31	7	0205	39.81		
1	667	31	8	0178	39.79		
1	668	31	9	0184	39.8		
1	669	31	10	0182	39.82		
1	670	31	11	0207	39.8		
1	671	31	12	0148	39.83		
1	672	31	13	0190	39.79		
1	673	31	14	0209	39.83		
1	674	31	15	0153	39.79		
1	675	31	16	0213	39.81		
1	676	31	17	0132	39.85		
1	677	31	18	0211	39.85		
1	678	31	19	0186	39.83		
1	679	31	20	0159	39.8		
1	680	31	21	0200	39.82		
1	681	31	22	0155	39.79		
1	682	32	1	0117	39.8		
1	683	32	2	0050	39.79		
1	684	32	3	0040	39.79		
1	685	32	4	0073	39.77		
1	686	32	5	0103	39.81		
1	687	32	6	0101	39.82		
1	688	32	7	0175	39.8		
1	689	32	8	0176	39.78		
1	690	32	9	0138	39.85		
1	691	32	10	0203	39.85		
1	692	32	11	0217	39.83		
1	693	32	12	0165	39.79		
1	694	32	13	0142	39.82		
1	695	32	14	0194	39.83		
1	696	32	15	0188	39.81		
1	697	32	16	0198	39.8		
1	698	32	17	0171	39.81		
1	699	32	18	0144	39.86		
1	700	32	19	0146	39.82		
1	701	32	20	0161	39.8		
1	702	32	21	0192	39.82		
1	703	32	22	0150	39.84		
1	704	33	1	0026	39.75		
1	705	33	2	0015	39.75		
1	706	33	3	0007	39.72		
1	707	33	4	0011	39.73		
1	708	33	5	0023	39.74		
1	709	33	6	0019	39.74		
1	710	33	7	0076	39.8		
1	711	33	8	0042	39.77		
1	712	33	9	0061	39.77		
1	713	33	10	0086	39.81		
1	714	33	11	0115	39.81		
1	715	33	12	0057	39.77		
1	716	33	13	0084	39.81		
1	717	33	14	0063	39.76		
1	718	33	15	0088	39.8		
1	719	33	16	0069	39.76		
1	720	33	17	0113	39.82		
1	721	33	18	0092	39.81		
1	722	33	19	0055	39.76		
1	723	33	20	0094	39.81		
1	724	33	21	0044	39.77		
1	725	33	22	0082	39.78		
1	726	34	1	0028	39.74		
1	727	34	2	0021	39.73		
1	728	34	3	0009	39.72		
1	729	34	4	0025	39.74		
1	730	34	5	0017	39.76		
1	731	34	6	0013	39.74		
1	732	34	7	0100	39.82		
1	733	34	8	0067	39.77		
1	734	34	9	0038	39.77		
1	735	34	10	0111	39.77		
1	736	34	11	0080	39.81		
1	737	34	12	0078	39.77		
1	738	34	13	0075	39.77		
1	739	34	14	0071	39.77		
1	740	34	15	0034	39.84		
1	741	34	16	0105	39.8		
1	742	34	17	0036	39.8		
1	743	34	18	0096	39.82		
1	744	34	19	0053	39.78		
1	745	34	20	0059	39.77		
1	746	34	21	0048	39.82		
1	747	34	22	0051	39.79		
