2	0	1	1	590	65.51875016	13919-02-179	600	65.58773965
2	1	1	2	600	65.51542486	13919-02-178	520	65.72708952
2	2	1	3	611	65.52025922	13919-02-183	610	65.57141432
2	3	1	4	609	65.55702338	13919-02-167	620	65.59034409
2	4	1	5	605	65.56317208	13919-01-57	700	65.45381763
2	5	1	6	614	65.50239542	13919-02-204	740	65.32170339
2	6	1	7	616	65.51768926	13919-02-205	750	65.31916284
2	7	1	8	539	65.51774935	13919-02-206	640	65.51540127
2	8	1	9	535	65.47211125	13919-02-245	760	65.25575043
2	9	1	10	537	65.47367854	13919-02-157	570	65.59617123
2	10	1	11	546	65.47792137	13919-02-180	470	65.77875801
2	11	1	12	581	65.50565167	13919-02-229	440	65.85999149
2	12	1	13	625	65.47394911	13919-01-30	640	65.47160103
2	13	2	1	583	65.49415588	A13919-02-234	400	65.91983328
2	14	2	2	579	65.49603768	A13919-02-202	710	65.36884884
2	15	2	3	585	65.49630615	A13919-02-174	680	65.42262049
2	16	2	4	738	65.52622068	A13919-02-246	770	65.29202547
2	17	2	5	734	65.50673797	A13919-02-276	620	65.54005868
2	18	2	6	736	65.50875141	A13919-01-90	720	65.36372817
2	19	2	7	721	65.51477051	A13919-01-89	770	65.2805753
2	20	2	8	723	65.50867825	A13919-02-250	720	65.36365501
2	21	2	9	725	65.46651322	A13919-02-185	520	65.67817788
2	22	2	10	1035	65.85414515	A13919-02-187	650	65.83396267
2	23	2	11	1033	65.91693088	A13919-02-186	740	65.73623885
2	24	2	12	1037	65.90956225	A13919-02-248	820	65.58619506
2	25	2	13	592	65.55091078	13919-02-183	800	65.26321238
2	26	3	1	872	65.54800176	13919-02-145	820	65.22463457
2	27	3	2	971	65.52939025	13919-01-38	750	65.33086383
2	28	3	3	974	65.52404901	13919-01-21	730	65.36119137
2	29	3	4	969	65.49019533	13919-01-42	700	65.38084088
2	30	3	5	788	65.5317998	13919-02-239	830	65.19059822
2	31	3	6	784	65.52302787	13919-02-238	770	65.28883265
2	32	3	7	775	65.50535986	13919-02-236	750	65.30683344
2	33	3	8	777	65.47980843	13919-02-277	600	65.54879793
2	34	3	9	779	65.4833825	13919-02-273	730	65.32052487
2	35	3	10	786	65.49300043	13919-02-283	320	66.06135298
2	36	3	11	782	65.49315933	13919-02-282	310	66.07934628
2	37	3	12	631	65.46710758	13919-02-160	420	65.85711619
2	38	3	13	598	65.54008901	13919-01-94	800	65.25239061
2	39	4	1	633	65.47589771	13919-02-162	520	65.68756237
2	40	4	2	699	65.46424374	13919-02-158	620	65.49756445
2	41	4	3	710	65.51729693	13919-02-151	740	65.3366049
2	42	4	4	707	65.48818232	13919-02-153	620	65.52150302
2	43	4	5	705	65.4896827	13919-02-152	630	65.50516901
2	44	4	6	701	65.52770879	13919-01-28	620	65.5610295
2	45	4	7	712	65.5302245	13919-02-154	640	65.52787642
2	46	4	8	703	65.48433944	13919-02-155	630	65.49982576
2	47	4	9	640	65.48941516	13919-02-159	660	65.45139828
2	48	4	10	642	65.51312948	13919-01-55	710	65.38594064
2	49	4	11	635	65.47326032	13919-02-207	720	65.32823708
2	50	4	12	638	65.48710861	13919-02-161	470	65.78794525
2	51	4	13	601	65.47114947	13919-02-220	530	65.66497973
2	52	5	1	874	65.54236279	13919-02-224	560	65.68268986
2	53	5	2	718	65.51807166	13919-01-88	760	65.30171084
2	54	5	3	716	65.51732264	13919-02-156	650	65.49714017
2	55	5	4	714	65.53789734	13919-01-26	670	65.48204607
2	56	5	5	731	65.50636938	13919-01-44	720	65.36134614
2	57	5	6	729	65.51391958	13919-01-27	620	65.54724029
2	58	5	7	720	65.5312244	13919-01-23	610	65.5823795
2	59	5	8	727	65.50115271	13919-01-110	770	65.26695749
2	60	5	9	505	65.44588675	13919-01-100	680	65.37220109
2	61	5	10	507	65.45643332	13919-01-99	680	65.38274766
2	62	5	11	509	65.4794888	13919-01-108	680	65.40580314
2	63	5	12	515	65.48960129	13919-01-67	670	65.43375003
2	64	5	13	594	65.51012737	13919-02-221	480	65.79312961
2	65	6	1	513	65.46543964	A13919-01-33	610	65.51659475
2	66	6	2	518	65.46388174	A13919-01-63	700	65.35452729
2	67	6	3	819	65.52431481	A13919-02-211	730	65.36145717
2	68	6	4	823	65.53415185	A13919-02-210	780	65.28212224
2	69	6	5	825	65.52567373	A13919-02-285	560	65.66600081
2	70	6	6	830	65.50403649	A13919-02-218	710	65.37684765
2	71	6	7	803	65.51493961	A13919-02-176	670	65.45908835
2	72	6	8	806	65.52051845	A13919-02-264	800	65.23282005
2	73	6	9	808	65.52784381	A13919-02-263	780	65.2758142
2	74	6	10	817	65.49661325	A13919-02-291	620	65.52993396
2	75	6	11	821	65.48579956	A13919-01-43	760	65.26943874
2	76	6	12	827	65.51571377	A13919-01-32	660	65.4776969
2	77	6	13	681	65.49065794	13919-02-225	540	65.66665381
2	78	7	1	838	65.51128242	A13919-02-209	780	65.25925281
2	79	7	2	832	65.52818762	A13919-02-296	600	65.59717712
2	80	7	3	834	65.54833124	A13919-01-91	820	65.22496405
2	81	7	4	840	65.53209509	A13919-01-62	790	65.26223109
2	82	7	5	926	65.52051718	A13919-02-287	480	65.80351942
2	83	7	6	843	65.53885831	A13919-01-58	720	65.39383507
2	84	7	7	1094	65.69649682	A13919-02-289	620	65.72981752
2	85	7	8	982	65.57009467	A13919-01-59	750	65.37156825
2	86	7	9	980	65.50678325	A13919-01-60	770	65.27258803
2	87	7	10	976	65.5223743	A13919-01-61	860	65.12766953
2	88	7	11	978	65.54299964	A13919-01-76	820	65.21963245
2	89	7	12	552	65.50806773	A13919-02-197	640	65.50571965
2	90	7	13	683	65.5060045	13919-02-175	720	65.36098126
2	91	8	1	548	65.50863864	13919-02-199	640	65.50629056
2	92	8	2	555	65.46671861	13919-02-200	660	65.42870174
2	93	8	3	553	65.48462789	13919-02-190	740	65.30393586
2	94	8	4	550	65.51130702	13919-01-98	710	65.38411817
2	95	8	5	557	65.46461146	13919-02-148	680	65.3909258
2	96	8	6	559	65.47871137	13919-02-149	710	65.35152253
2	97	8	7	876	65.54841924	13919-02-150	830	65.20721765
2	98	8	8	887	65.54971727	13919-02-163	620	65.58303798
2	99	8	9	885	65.54790371	13919-02-164	660	65.50988684
2	100	8	10	883	65.540703	13919-02-144	730	65.37784537
2	101	8	11	870	65.54724154	13919-02-146	780	65.29521194
2	102	8	12	893	65.54448141	13919-02-19	860	65.14977664
2	103	8	13	677	65.48575544	13919-02-237	660	65.44773857
2	104	9	1	624	65.46885503	A13919-01-112	830	65.12765345
2	105	9	2	991	65.54060788	A13919-02-268	620	65.57392859
2	106	9	3	697	65.4940142	A13919-01-10	810	65.1884814
2	107	9	4	694	65.51397475	A13919-01-11	820	65.19060756
2	108	9	5	696	65.50983763	A13919-01-12	820	65.18647044
2	109	9	6	692	65.47735169	A13919-01-18	680	65.40366603
2	110	9	7	690	65.50512547	A13919-01-17	670	65.44927421
2	111	9	8	688	65.45789945	A13919-01-16	700	65.348545
2	112	9	9	686	65.4837013	A13919-01-15	780	65.23167169
2	113	9	10	993	65.53481026	A13919-01-06	650	65.51462778
2	114	9	11	1126	65.35960132	A13919-01-05	770	65.1254061
2	115	9	12	995	65.51286284	A13919-01-36	660	65.47484597
2	116	9	13	675	65.46078798	13919-02-281	620	65.49410869
2	117	10	1	987	65.51875239	A13919-01-04	670	65.46290112
2	118	10	2	998	65.53900673	A13919-01-03	680	65.46532107
2	119	10	3	989	65.52314695	A13919-01-64	780	65.27111735
2	120	10	4	651	65.49100495	A13919-01-83	640	65.48865687
2	121	10	5	655	65.50942578	A13919-01-41	650	65.4892433
2	122	10	6	653	65.49578402	A13919-02-170	720	65.35076079
2	123	10	7	648	65.51406341	A13919-02-251	630	65.52954972
2	124	10	8	646	65.49622879	A13919-02-254	620	65.5295495
2	125	10	9	649	65.48526553	A13919-02-253	660	65.44724866
2	126	10	10	644	65.47734038	A13919-02-252	570	65.59983306
2	127	10	11	1113	65.36021717	A13919-02-255	730	65.19735954
2	128	10	12	1118	65.35202911	A13919-02-256	620	65.38534982
2	129	10	13	679	65.50354018	13919-02-274	680	65.42985452
2	130	11	1	1120	65.37366587	A13919-02-243	850	64.9967955
2	131	11	2	1122	65.37929428	A13919-02-271	780	65.12726467
2	132	11	3	1124	65.35671927	A13919-01-51	630	65.37220559
2	133	11	4	1111	65.36565664	A13919-02-184	680	65.29197098
2	134	11	5	1166	65.89003374	A13919-02-195	780	65.63800413
2	135	11	6	1163	65.90923217	A13919-02-196	790	65.63936817
2	136	11	7	1157	65.8428592	A13919-01-73	770	65.60866398
2	137	11	8	1161	65.88569167	A13919-01-102	740	65.70499964
2	138	11	9	1159	65.84705006	A13919-01-72	760	65.63068924
2	139	11	10	1155	65.85716763	A13919-01-66	680	65.78348197
2	140	11	11	1153	65.79338191	A13919-01-65	710	65.66619307
2	141	11	12	524	65.48871374	A13919-02-192	720	65.34369051
2	142	11	13	673	65.47670409	13919-02-240	730	65.31384646
2	143	12	1	529	65.45735755	A13919-02-299	460	65.77602858
2	144	12	2	668	65.50657627	A13919-01-52	570	65.62906895
2	145	12	3	629	65.48300871	A13919-01-53	510	65.71250776
2	146	12	4	627	65.48183728	A13919-01-07	660	65.44382041
2	147	12	5	528	65.48747671	A13919-01-08	560	65.62780379
2	148	12	6	531	65.48710011	A13919-01-45	650	65.46691763
2	149	12	7	522	65.49107399	A13919-01-80	540	65.66706985
2	150	12	8	526	65.48923113	A13919-01-79	530	65.68306139
2	151	12	9	520	65.43835491	A13919-01-14	640	65.43600683
2	152	12	10	587	65.51952428	A13919-01-56	670	65.46367302
2	153	12	11	577	65.52484628	A13919-01-106	710	65.39765743
2	154	12	12	576	65.47641917	A13919-01-111	780	65.22438956
2	155	12	13	672	65.45621447	13919-02-241	750	65.25768805
2	156	13	1	145	65.65380383	13919-02-390	660	65.61578696
2	157	13	2	127	65.63485006	13919-02-373	440	65.98918987
2	158	13	3	147	65.67102411	13919-02-139	650	65.65084164
2	159	13	4	158	65.64917096	13919-02-51	630	65.66465727
2	160	13	5	86	65.58728662	13919-02-392	415	65.98621243
2	161	13	6	125	65.62044799	13919-02-09	640	65.61809991
2	162	13	7	906	65.50112191	13919-01-39	730	65.33826427
2	163	13	8	1050	65.91617917	13919-02-298	540	66.09217503
2	164	13	9	913	65.52780449	13919-02-168	760	65.31144367
2	165	13	10	1115	65.38255294	13919-02-335	450	65.71905836
2	166	13	11	1059	65.90217194	13919-02-70	640	65.89982386
2	167	13	12	101	65.61507915	13919-02-55	650	65.59489668
2	168	13	13	596	65.51423633	13919-02-181	410	65.92207934
2	169	14	1	662	65.51731688	A13919-01-48	570	65.63980956
2	170	14	2	657	65.48451148	A13919-01-49	600	65.55350097
2	171	14	3	664	65.49078107	A13919-01-101	680	65.41709541
2	172	14	4	659	65.50815536	A13919-02-275	690	65.4166353
2	173	14	5	670	65.51196507	A13919-02-278	670	65.45611381
2	174	14	6	563	65.38822962	A13919-02-265	510	65.61772867
2	175	14	7	561	65.44663169	A13919-01-46	500	65.69396514
2	176	14	8	568	65.46565294	A13919-01-47	500	65.71298639
2	177	14	9	572	65.47488894	A13919-02-270	520	65.6865536
2	178	14	10	570	65.46829331	A13919-02-269	560	65.60862039
2	179	14	11	566	65.45373135	A13919-02-272	730	65.29087372
2	180	14	12	574	65.45555895	A13919-02-215	700	65.3462045
2	181	14	13	841	65.52634221	13919-02-198	810	65.22080942
2	182	15	1	1061	65.84222868	A13919-02-131	720	65.69720544
2	183	15	2	1065	65.88514421	A13919-02-128	730	65.72228658
2	184	15	3	328	65.29182024	A13919-02-371	400	65.71749764
2	185	15	4	952	65.54473129	A13919-02-120	740	65.36403926
2	186	15	5	241	65.28362484	A13919-02-07	620	65.31694555
2	187	15	6	350	65.35229033	A13919-02-91	500	65.59962378
2	188	15	7	404	65.28158539	A13919-01-74	630	65.26876112
2	189	15	8	428	65.35350786	A13919-02-171	670	65.2976566
2	190	15	9	415	65.31024627	A13919-02-249	640	65.30789819
2	191	15	10	448	65.35898012	A13919-02-194	620	65.39230083
2	192	15	11	398	65.35820576	A13919-02-177	570	65.48069845
2	193	15	12	1041	65.92813345	A13919-02-279	700	65.818779
2	194	15	13	603	65.4984044	13919-02-228	500	65.74573785
2	195	16	1	1039	65.89634422	A13919-01-31	600	65.96533372
2	196	16	2	1043	65.87292888	A13919-01-24	640	65.8705808
2	197	16	3	1046	65.92519621	A13919-01-25	730	65.76233858
2	198	16	4	1000	65.52236149	A13919-01-37	720	65.37733825
2	199	16	5	1009	65.86365758	A13919-02-266	610	65.91481269
2	200	16	6	1004	65.60270485	A13919-02-222	510	65.83220391
2	201	16	7	1015	65.85179193	A13919-02-223	500	66.09912538
2	202	16	8	1013	65.86115903	A13919-02-169	800	65.57346063
2	203	16	9	1011	65.88265406	A13919-02-242	820	65.55928687
2	204	16	10	1002	65.59326144	A13919-02-290	600	65.66225094
2	205	16	11	542	65.4937527	A13919-02-244	720	65.34872946
2	206	16	12	544	65.49639304	A13919-01-09	670	65.44054178
2	207	16	13	511	65.45047796	13919-02-208	600	65.51946746
2	208	17	1	1096	65.85700637	13919-02-233	620	65.89032708
2	209	17	2	1089	65.88412377	13919-02-257	760	65.66776296
2	210	17	3	1080	65.82859682	13919-02-21	730	65.66573918
2	211	17	4	1072	65.85921104	13919-02-74	760	65.64285022
2	212	17	5	860	65.52207255	13919-02-300	690	65.43055249
2	213	17	6	877	65.57392013	13919-02-230	690	65.48240008
2	214	17	7	1085	65.86267247	13919-02-147	720	65.71764923
2	215	17	8	915	65.47303555	13919-02-235	500	65.720369
2	216	17	9	1081	65.85424471	13919-02-334	380	66.3155909
2	217	17	10	1083	65.88590399	13919-02-333	420	66.27591259
2	218	17	11	862	65.52040939	13919-02-297	720	65.37538615
2	219	17	12	1052	65.84492442	13919-02-267	560	65.9852515
2	220	17	13	836	65.53981924	13919-02-182	630	65.55530555
2	221	18	1	1019	65.62484076	13919-01-71	620	65.65816147
2	222	18	2	845	65.50501092	13919-01-13	720	65.35998768
2	223	18	3	941	65.52959683	13919-02-312	760	65.31323601
2	224	18	4	899	65.4915704	13919-02-316	730	65.32871277
2	225	18	5	184	65.7021461	13919-02-354	560	65.84247318
2	226	18	6	864	65.54943414	13919-02-188	820	65.22606695
2	227	18	7	182	65.656211	13919-02-58	600	65.7252005
2	228	18	8	985	65.48201478	13919-02-71	730	65.31915714
2	229	18	9	1078	65.85473856	13919-02-18	760	65.63837774
2	230	18	10	921	65.48127674	13919-02-219	670	65.42542547
2	231	18	11	919	65.50818598	13919-02-258	580	65.61284427
2	232	18	12	1107	65.38584235	13919-02-227	570	65.50833503
2	233	18	13	533	65.46425234	13919-01-92	720	65.3192291
2	234	19	1	142	65.62766741	13919-02-05	680	65.55398175
2	235	19	2	151	65.65749784	13919-02-52	640	65.65514976
2	236	19	3	105	65.5574317	13919-02-67	630	65.57291801
2	237	19	4	341	65.31179019	13919-02-118	660	65.27377332
2	238	19	5	1135	65.29397185	13919-02-189	720	65.14894861
2	239	19	6	1137	65.30774359	13919-02-353	680	65.23405793
2	240	19	7	1168	65.85675839	13919-01-82	620	65.8900791
2	241	19	8	1205	65.89147972	13919-02-33	730	65.72862209
2	242	19	9	868	65.53972708	13919-02-35	820	65.14502231
2	243	19	10	1207	65.94249549	13919-02-31	740	65.76180346
2	244	19	11	879	65.53862065	13919-02-261	800	65.25092225
2	245	19	12	1048	65.87637649	13919-02-231	680	65.80269083
2	246	19	13	607	65.58070079	13919-01-104	760	65.36433997
2	247	20	1	923	65.49506124	13919-02-288	500	65.74239469
2	248	20	2	1074	65.84506269	13919-02-173	710	65.71787385
2	249	20	3	891	65.56469923	13919-02-380	490	65.82986707
2	250	20	4	897	65.55632923	13919-02-350	820	65.23296205
2	251	20	5	1056	65.85492019	13919-02-260	640	65.85257211
2	252	20	6	1109	65.29602624	13919-02-226	510	65.5255253
2	253	20	7	1087	65.82195793	13919-02-259	660	65.78394106
2	254	20	8	917	65.39536559	13919-02-286	340	65.92804935
2	255	20	9	895	65.56722615	13919-02-405	480	65.85022839
2	256	20	10	889	65.55557689	13919-02-386	900	65.08953455
2	257	20	11	866	65.55313174		620	66.69218494
2	258	20	12	197	65.71020043	??	730	65.5473428
2	259	20	13	810	65.51061626	13919-02-262	740	65.32992423
3	0	1	1	291	65.28153211	13919-02-343	620	65.31485282
3	1	1	2	134	65.6040906	13919-02-105	560	65.74441768
3	2	1	3	129	65.64146985	13919-02-359	320	66.2098224
3	3	1	4	155	65.66788763	13919-02-360	320	66.23624019
3	4	1	5	162	65.66006843	13919-02-75	720	65.51504519
3	5	1	6	343	65.36195567	13919-02-142	640	65.35960759
3	6	1	7	186	65.69402649	13919-02-141	760	65.47766567
3	7	1	8	195	65.69126359	13919-02-135	620	65.7245843
3	8	1	9	136	65.64728982	13919-02-61	610	65.69844493
3	9	1	10	131	65.64062542	13919-02-307	415	66.03955123
3	10	1	11	140	65.58677791	13919-02-114	540	65.76277378
3	11	1	12	164	65.66628515	13919-02-62	590	65.75310904
3	12	1	13	812	65.53788811	A13919-02-284	600	65.60687761
3	13	2	1	337	65.26657703	13919-02-328	390	65.71008882
3	14	2	2	190	65.71194735	13919-02-88	750	65.51342092
3	15	2	3	193	65.73192765	13919-02-137	740	65.55123562
3	16	2	4	149	65.63768058	13919-02-393	320	66.20603314
3	17	2	5	123	65.63117133	13919-02-374	400	66.05684873
3	18	2	6	138	65.65371176	13919-02-02	630	65.66919807
3	19	2	7	160	65.61808549	13919-02-63	550	65.77624697
3	20	2	8	339	65.30328055	13919-02-23	750	65.10475413
3	21	2	9	345	65.34614127	13919-02-117	650	65.32595879
3	22	2	10	199	65.6963329	13919-02-99	790	65.42646889
3	23	2	11	166	65.67707969	13919-0279	720	65.53205645
3	24	2	12	360	65.33022441	13919-02-96	690	65.23870436
3	25	2	13	773	65.48263133	A13919-02-292	540	65.65862719
3	26	3	1	293	65.2749857	13919-02-324	380	65.73633189
3	27	3	2	439	65.33365964	13919-02-340	520	65.54532429
3	28	3	3	262	65.27375456	13919-02-326	370	65.75293515
3	29	3	4	188	65.62256831	13919-02-56	650	65.60238584
3	30	3	5	461	65.37937508	13919-02-352	530	65.57320534
3	31	3	6	289	65.29014616	13919-02-329	330	65.84066432
3	32	3	7	489	65.36277218	13919-02-103	660	65.32475531
3	33	3	8	441	65.33670363	13919-02-378	420	65.72671224
3	34	3	9	107	65.61793906	13919-02-395	340	66.15062283
3	35	3	10	470	65.36289861	13919-02-351	550	65.52106009
3	36	3	11	435	65.31043823	13919-02-321	370	65.78961881
3	37	3	12	432	65.36982001	13919-02-123	730	65.20696237
3	38	3	13	771	65.51794298	A13919-02-295	750	65.31941656
3	39	4	1	498	65.95278113	13919-02-122	670	65.89692987
3	40	4	2	666	65.49548713	13919-01-50	620	65.52880784
3	41	4	3	96	65.61336766	13919-02-98	610	65.66452276
3	42	4	4	395	65.31365857	13919-02-54	690	65.22213851
3	43	4	5	97	65.56525304	13919-02-95	540	65.74124891
3	44	4	6	463	65.36397432	13919-02-322	470	65.66481095
3	45	4	7	99	65.56540557	13919-02-94	550	65.72356705
3	46	4	8	467	65.37710516	13919-02-349	690	65.2855851
3	47	4	9	500	65.97206794	13919-02-101	680	65.89838228
3	48	4	10	443	65.37526194	13919-02-341	680	65.30157628
3	49	4	11	251	65.31208689	13919-02-69	600	65.38107639
3	50	4	12	472	65.38102508	13919-02-323	450	65.7175305
3	51	4	13	814	65.53377207	A13919-02-294	620	65.56709278
3	52	5	1	321	65.27748586	13919-02-133	610	65.32864096
3	53	5	2	376	65.32176722	13919-02-327	430	65.69394143
3	54	5	3	245	65.27485945	13919-02-102	570	65.39735213
3	55	5	4	1057	65.8949826	13919-02-193	800	65.6072842
3	56	5	5	1063	65.87958363	13919-02-76	820	65.55621644
3	57	5	6	1070	65.8603222	13919-02-10	720	65.71529896
3	58	5	7	1067	65.8720827	13919-02-11	700	65.76272825
3	59	5	8	1102	65.79383795	13919-02-80	680	65.72015229
3	60	5	9	1105	65.24659628	13919-02-81	680	65.17291062
3	61	5	10	1098	65.92834395	13919-02-30	620	65.96166466
3	62	5	11	1209	65.91551592	13919-02-32	750	65.7169895
3	63	5	12	1100	65.62484076	13919-02-34	620	65.65816147
3	64	5	13	1054	65.88974025	A13919-02-232	620	65.92306096
3	65	6	1	42	65.62080791	13919-02-368	360	66.11782289
3	66	6	2	203	65.70830288	13919-02-332	410	66.11614588
3	67	6	3	411	65.32018422	13919-02-83	650	65.30000174
3	68	6	4	430	65.35256948	13919-02-87	590	65.43939337
3	69	6	5	356	65.3125198	13919-02-65	670	65.25666853
3	70	6	6	363	65.32146853	13919-02-318	670	65.26561726
3	71	6	7	494	65.3431202	13919-02-47	760	65.12675939
3	72	6	8	116	65.64297035	13919-02-106	630	65.65845666
3	73	6	9	121	65.65481665	13919-02-320	360	66.15183163
3	74	6	10	315	65.29579146	13919-02-381	440	65.65013128
3	75	6	11	365	65.32134934	13919-02-344	630	65.33683566
3	76	6	12	374	65.35156739	13919-02-382	470	65.65240402
3	77	6	13	816	65.51643783	A13919-02-293	660	65.47842096
3	78	7	1	306	65.28654887	13919-02-44	560	65.42687594
3	79	7	2	308	65.28836303	13919-02-398	390	65.73187482
3	80	7	3	297	65.23028974	13919-02-304	640	65.22794166
3	81	7	4	426	65.33612036	13919-02-04	650	65.31593788
3	82	7	5	210	65.69629394	13919-02-39	610	65.74744904
3	83	7	6	413	65.32165577	13919-02-370	420	65.71166438
3	84	7	7	384	65.35963904	13919-01-02	580	65.46429733
3	85	7	8	385	65.34085501	13919-02-85	630	65.35634132
3	86	7	9	378	65.32964932	13919-02-49	640	65.32730124
3	87	7	10	382	65.33818528	13919-02-93	500	65.58551873
3	88	7	11	387	65.32893655	13919-02-143	700	65.2195821
3	89	7	12	380	65.34564582	13919-02-57	700	65.23629137
3	90	7	13	1091	65.79568619	A13919-02-280	590	65.88251009
3	91	8	1	260	65.30452194	13919-02-325	430	65.67669616
3	92	8	2	483	65.35453167	13919-02-13	640	65.35218359
3	93	8	3	408	65.35043639	13919-01-75	740	65.16974436
3	94	8	4	256	65.19453298	13919-02-342	570	65.31702567
3	95	8	5	478	65.39299081	13919-02-338	680	65.31930515
3	96	8	6	389	65.34430397	13919-01-20	500	65.59163742
3	97	8	7	406	65.38046537	13919-02-03	720	65.23544213
3	98	8	8	481	65.34271068	13919-02-339	690	65.25119063
3	99	8	9	480	65.39316346	13919-02-01	710	65.26597461
3	100	8	10	391	65.35146959	13919-01-103	690	65.25994954
3	101	8	11	3	65.21815148	13919-02-397	200	65.97220619
3	102	8	12	249	65.26759513	13919-02-330	360	65.7646101
3	103	8	13	745	65.52634476	A13919-02-247	720	65.38132152
3	104	9	1	192	65.71068624	13919-02-90	680	65.63700058
3	105	9	2	347	65.31297487	13919-02-116	600	65.38196437
3	106	9	3	168	65.6901659	13919-02-78	660	65.65214903
3	107	9	4	153	65.64513824	13919-02-97	680	65.57145258
3	108	9	5	144	65.63351538	13919-02-134	570	65.75600806
3	109	9	6	103	65.6499427	13919-02-319	360	66.14695768
3	110	9	7	474	65.36721787	13919-02-138	700	65.25786342
3	111	9	8	476	65.32975616	13919-02-317	700	65.22040171
3	112	9	9	485	65.36229304	13919-02-66	510	65.5917921
3	113	9	10	437	65.33216564	13919-02-119	670	65.27631438
3	114	9	11	487	65.35727013	13919-02-72	610	65.40842524
3	115	9	12	334	65.36550116	13919-01-01	640	65.36315308
3	116	9	13	751	65.4687245	A13919-02-212	750	65.27019807
3	117	10	1	433	65.37132521	13919-02-346	460	65.68999623
3	118	10	2	393	65.35177624	13919-02-48	750	65.15324981
3	119	10	3	120	65.58840702	13919-02-22	570	65.7108997
3	120	10	4	112	65.62759865	13919-02-16	600	65.69658815
3	121	10	5	81	65.64647376	13919-02-361	390	66.08998555
3	122	10	6	317	65.30290968	13919-02-313	670	65.24705841
3	123	10	7	254	65.30059546	13919-02-89	580	65.40525375
3	124	10	8	491	65.33575157	13919-02-140	620	65.36907228
3	125	10	9	465	65.3822129	13919-02-136	700	65.27285845
3	126	10	10	201	65.73724337	13919-02-377	450	66.07374879
3	127	10	11	258	65.29921104	13919-02-396	340	65.83189481
3	128	10	12	446	65.36246506	13919-02-391	340	65.89514883
3	129	10	13	760	65.5138722	A13919-02-213	600	65.5828617
3	130	11	1	243	65.19751163	13919-02-17	540	65.3735075
3	131	11	2	361	65.3279503	13919-02-64	680	65.25426464
3	132	11	3	212	65.71262889	13919-02-38	640	65.71028081
3	133	11	4	400	65.35054497	13919-02-37	680	65.27685931
3	134	11	5	454	65.36469108	13919-02-86	600	65.43368058
3	135	11	6	424	65.35882493	13919-02-331	430	65.73099914
3	136	11	7	227	65.7260373	13919-02-121	660	65.68802043
3	137	11	8	44	65.53877909	13919-02-314	570	65.66127177
3	138	11	9	367	65.36961958	13919-02-347	370	65.84880017
3	139	11	10	310	65.28290042	13919-02-383	630	65.29838673
3	140	11	11	114	65.65050839	13919-02-06	630	65.66599471
3	141	11	12	110	65.64008931	13919-02-40	520	65.85175397
3	142	11	13	758	65.48869054	A13919-02-214	700	65.37933609
3	143	12	1	851	65.50451537	13919-02-372	410	65.91235837
3	144	12	2	954	65.54629935	13919-02-12	800	65.25860095
3	145	12	3	206	65.72725853	13919-02-348	740	65.5465665
3	146	12	4	219	65.73343453	13919-02-362	420	66.12344314
3	147	12	5	304	65.2847064	13919-02-363	600	65.3536959
3	148	12	6	459	65.34379092	13919-01-19	600	65.41278042
3	149	12	7	402	65.35286621	13919-02-369	450	65.68937163
3	150	12	8	456	65.38418533	13919-02-129	660	65.34616846
3	151	12	9	330	65.34507948	13919-01-114	620	65.37840019
3	152	12	10	326	65.32220557	13919-02-127	660	65.2841887
3	153	12	11	352	65.33258304	13919-02-375	380	65.79392923
3	154	12	12	336	65.36076466	13919-02-126	630	65.37625097
3	155	12	13	755	65.47279969	A13919-02-172	710	65.34561084
3	156	13	1	1028	65.83917197	13919-01-69	620	65.87249268
3	157	13	2	1026	65.94878212	13919-02-337	480	66.23178435
3	158	13	3	912	65.52802757	13919-01-40	720	65.38300433
3	159	13	4	902	65.495537	13919-01-70	800	65.2078386
3	160	13	5	1022	65.92690089	13919-01-105	770	65.69270568
3	161	13	6	1128	65.31844912	13919-01-107	720	65.17342588
3	162	13	7	1017	65.84628687	13919-01-77	760	65.62992605
3	163	13	8	984	65.5479369	13919-01-115	820	65.22456971
3	164	13	9	1203	65.90490684	13919-01-96	700	65.79555239
3	165	13	10	1201	65.91559454	13919-01-87	600	65.98458404
3	166	13	11	1131	65.32612013	13919-02-165	620	65.35944084
3	167	13	12	904	65.50459966	13919-01-34	670	65.44874839
3	168	13	13	766	65.49723627	A13919-02-191	780	65.24520666
3	169	14	1	1133	65.30206001	13919-01-95	700	65.19270556
3	170	14	2	1129	65.28266197	13919-02-166	520	65.49432662
3	171	14	3	910	65.52692796	13919-01-22	600	65.59591746
3	172	14	4	908	65.51587168	13919-01-113	740	65.33517965
3	173	14	5	945	65.53206086	13919-02-394	380	65.99340705
3	174	14	6	1176	65.92450773	13919-01-85	580	66.02916601
3	175	14	7	118	65.6298639	13919-02-107	630	65.64535021
3	176	14	8	323	65.2376516	13919-02-27	460	65.55632263
3	177	14	9	92	65.61968914	13919-02-389	600	65.68867864
3	178	14	10	312	65.31998031	13919-02-100	650	65.29979783
3	179	14	11	369	65.36830778	13919-02-345	660	65.33029091
3	180	14	12	88	65.63046981	13919-02-387	630	65.64595612
3	181	14	13	768	65.50135985	A13919-02-203	690	65.40983979
3	182	15	1	1170	65.86357814	13919-02-303	710	65.7363893
3	183	15	2	175	65.6589848	13919-02-68	620	65.69230551
3	184	15	3	179	65.69660988	13919-02-43	640	65.6942618
3	185	15	4	950	65.53868983	13919-02-336	470	65.83952646
3	186	15	5	854	65.46515056	13919-02-309	420	65.85515916
3	187	15	6	847	65.49254725	13919-02-310	440	65.84688707
3	188	15	7	169	65.70132275	13919-02-59	660	65.66330588
3	189	15	8	208	65.70757961	13919-02-73	620	65.74090032
3	190	15	9	230	65.77163146	13919-02-302	680	65.6979458
3	191	15	10	295	65.25045453	13919-02-355	500	65.49778797
3	192	15	11	943	65.52568351	13919-02-315	760	65.30932269
3	193	15	12	858	65.55340503	13919-02-301	750	65.3548786
3	194	15	13	762	65.49318273	A13919-02-201	680	65.41949707
3	195	16	1	332	65.35158106	13919-01-68	580	65.45623935
3	196	16	2	247	65.2808924	13919-02-08	530	65.47472266
3	197	16	3	354	65.32761802	13919-02-92	590	65.41444191
3	198	16	4	358	65.35956147	13919-02-36	620	65.39288218
3	199	16	5	214	65.7220625	13919-02-132	610	65.77321761
3	200	16	6	419	65.33496049	13919-02-29	570	65.45745317
3	201	16	7	221	65.68009195	13919-02-82	590	65.76691585
3	202	16	8	217	65.72439142	13919-02-77	680	65.65070576
3	203	16	9	11	65.59211395	13919-02-113	520	65.80377861
3	204	16	10	171	65.71137994	13919-02-376	400	66.13705734
3	205	16	11	177	65.65217565	13919-02-25	510	65.88167471
3	206	16	12	173	65.67307049	13919-02-53	580	65.77772878
3	207	16	13	769	65.47484601	A13919-02-217	720	65.32982277
3	208	17	1	849	65.54556111	13919-02-41	560	65.68588819
3	209	17	2	1174	65.8774502	13919-01-78	560	66.01777728
3	210	17	3	1024	65.91290951	13919-01-84	620	65.94623022
3	211	17	4	1030	65.91225841	13919-01-81	610	65.96341352
3	212	17	5	881	65.5147804	13919-01-97	680	65.44109474
3	213	17	6	75	65.59585155	13919-02-108	650	65.57566908
3	214	17	7	313	65.28489731	13919-02-26	530	65.47872757
3	215	17	8	216	65.72226478	13919-02-124	600	65.79125428
3	216	17	9	457	65.36441647	13919-02-28	600	65.43340597
3	217	17	10	417	65.35218925	13919-02-130	640	65.34984117
3	218	17	11	422	65.34753111	13919-02-84	660	65.30951424
3	219	17	12	1172	65.91570129	13919-02-45	730	65.75284366
3	220	17	13	764	65.47594775	A13919-02-216	750	65.27742133
3	221	18	1	947	65.49040837	13919-02-86	600	65.55939787
3	222	18	2	856	65.55394448	13919-02-311	770	65.31974927
3	223	18	3	79	65.60644741	13919-02-14	510	65.83594646
3	224	18	4	5	65.58643474	13919-02-115	580	65.69109302
3	225	18	5	223	65.6708552	13919-02-46	580	65.77551349
3	226	18	6	302	65.29058435	13919-02-404	360	65.78759933
3	227	18	7	299	65.29472294	13919-02-306	350	65.80957231
3	228	18	8	225	65.72986714	13919-02-305	400	66.15554454
3	229	18	9	450	65.34814121	13919-02-60	650	65.32795873
3	230	18	10	452	65.34390726	13919-02-385	350	65.85875664
3	231	18	11	409	65.3270455	13919-02-125	650	65.30686302
3	232	18	12	14	65.6091256	13919-02-385	600	65.6781151
3	233	18	13	620	65.44904826	A13919-01-54	610	65.50020336
3	234	19	1	31	65.60740275	13919-02-365	580	65.71206104
3	235	19	2	90	65.61382311	13919-02-42	600	65.68281261
3	236	19	3	371	65.3452584	13919-02-104	600	65.4142479
3	237	19	4	40	65.51172472	13919-02-367	340	66.04440849
3	238	19	5	83	65.64603603	13919-02-388	500	65.89336948
3	239	19	6	33	65.61262944	13919-02-366	580	65.71728773
3	240	19	7	94	65.62322218	13919-02-308	370	66.10240277
3	241	19	8	35	65.62149217	13919-02-384	620	65.65481288
3	242	19	9	1	65.57789291	13919-02-364	560	65.71821999
3	243	19	10	27	65.60047915	13919-02-109	680	65.52679349
3	244	19	11	77	65.61410408	13919-02-110	590	65.70092797
3	245	19	12	319	65.31490571	13919-02-24	590	65.40172961
3	246	19	13	622	65.44937028	A13919-01-35	530	65.64320054
3	247	20	1	9	65.56735076	13919-02-379	380	66.02869695
3	248	20	2	16	65.62336446	13919-02-400	330	66.17388262
3	249	20	3	46	65.60392954	13919-02-111	660	65.56591267
3	250	20	4	20	65.58950043	13919-02-357	500	65.83683388
3	251	20	5	73	65.62910212	13919-02-358	515	65.84968397
3	252	20	6	18	65.54227329	13919-02-356	428	65.91801438
3	253	20	7	48	65.53073647	13919-02-112	500	65.77806992
3	254	20	8	25	65.6145262	13919-02-402	304	66.21141379
3	255	20	9	7	65.60105962	13919-02-15	580	65.70571791
3	256	20	10	24	65.61205047	13919-02-399	386	66.06269602
3	257	20	11	29	65.62836559	13919-02-401	335	66.16996655
3	258	20	12	22	65.58372628	13919-02-403	350	66.09857565
3	259	20	13	618	65.43170817	A13919-01-29	480	65.71471041